name	LG	cM
1002954_x1	21	42
1002987_x1	21	38
1003026_x1	21	41
1003055_x1	21	36
1003170_x1	21	31
1003185_x1	21	34
1003252_x1	21	37
1003465_x1	21	51
1003534_x1	21	44
1003932_x1	21	40
1004227_x1	21	43
1006217_x1	21	50
1006990_x1	21	47
1007008_x1	21	45
1007816_x1	21	46
1008190_x1	21	48
1008191_x1	21	49
1012607_x1	25	16
1013891_x1	25	8
1014807_x1	25	13
1015171_x1	25	14
1016221_x1	25	1
1018345_x1	25	3
102196_x1	4	31
102210_x1	4	24
1022233_x1	25	6
102238_x1	4	29
1022452_x1	25	11
102247_x1	4	27
1023478_x1	25	15
1023479_x1	25	5
1029905_x1	25	7
1029929_x1	25	2
1030341_x1	25	9
1030381_x1	25	4
1031523_x1	25	20
1031801_x1	25	24
1031945_x1	25	23
1032037_x1	25	18
103421_x1	4	51
1036252_x1	25	25
1038210_x1	25	35
1038470_x1	25	34
1039783_x1	25	32
1039815_x1	25	12
1039872_x1	25	21
1039996_x1	25	19
1040302_x1	25	10
1041246_x1	25	28
1041276_x1	25	22
1041337_x1	25	29
1041454_x1	25	37
1041794_x1	25	26
1041795_x1	25	30
1041914_x1	25	33
1042131_x1	25	27
1042160_x1	25	36
1042389_x1	25	17
1042499_x1	25	31
1044025_x1	23	3
1045340_x1	23	1
1046913_x1	23	16
1048536_x1	23	4
104984_x1	4	26
1051302_x1	23	12
1051373_x1	23	10
1051430_x1	23	8
1051450_x1	23	9
1051471_x1	23	7
1051483_x1	23	6
1051511_x1	23	5
1051849_x1	23	11
1052179_x1	23	17
1053114_x1	23	13
1054015_x1	23	14
1055109_x1	23	2
1059069_x1	23	15
1060495_x1	23	19
1060557_x1	23	18
1061751_x1	23	20
1062293_x1	23	21
1063163_x1	23	22
1063219_x1	23	23
1063324_x1	23	25
1063381_x1	23	27
1063865_x1	23	24
1063942_x1	23	26
1063969_x1	23	28
1065046_x1	23	29
1065089_x1	23	30
1065101_x1	23	33
1065104_x1	23	31
1065154_x1	23	34
1065780_x1	23	41
1065821_x1	23	38
1067388_x1	23	36
106824_x1	4	6
1068978_x1	23	39
1069478_x1	23	37
1069488_x1	23	42
1069502_x1	23	40
107004_x1	4	22
1070435_x1	23	32
1070464_x1	23	35
107107_x1	4	18
107172_x1	4	10
1074510_x1	10	49
107469_x1	4	8
1075429_x1	10	50
1076430_x1	10	36
1076747_x1	10	35
1076898_x1	10	38
1076906_x1	10	34
1077287_x1	10	33
1078154_x1	10	41
107930_x1	4	14
1079784_x1	10	42
1079809_x1	10	39
1079815_x1	10	43
1079835_x1	10	40
1081878_x1	10	52
1081956_x1	10	51
1082125_x1	10	44
108284_x1	4	2
1082908_x1	10	45
1082985_x1	10	47
1082986_x1	10	48
1084074_x1	10	53
1086194_x1	10	55
1086932_x1	10	54
108696_x1	4	1
1087026_x1	10	56
108748_x1	4	16
1087596_x1	10	58
1087709_x1	10	57
1088388_x1	10	59
1088980_x1	10	60
108940_x1	4	17
1089605_x1	10	62
1089712_x1	10	63
1089893_x1	10	61
1089961_x1	10	64
1090416_x1	10	65
109181_x1	4	11
1093320_x1	10	10
1093642_x1	10	66
1093645_x1	10	67
1093741_x1	10	68
109394_x1	4	5
1094449_x1	10	69
1094606_x1	10	46
1094717_x1	10	75
1094771_x1	10	37
1095066_x1	10	72
1096269_x1	10	77
1096293_x1	10	73
1096439_x1	10	74
109787_x1	4	19
1098492_x1	10	70
1099534_x1	10	76
1100052_x1	10	78
1102048_x1	22	5
1103983_x1	22	32
1105112_x1	22	33
1105193_x1	22	40
1107200_x1	22	42
1107291_x1	22	41
1107450_x1	22	37
1107488_x1	22	46
1107574_x1	22	47
1107671_x1	22	39
1107993_x1	22	45
1108414_x1	22	38
1108427_x1	22	44
11090_x1	26	1
1109526_x1	22	36
1111204_x1	22	35
1111986_x1	22	34
1111991_x1	22	31
1112343_x1	22	27
1112572_x1	22	30
1112594_x1	22	28
1112675_x1	22	23
1112789_x1	22	26
111291_x1	4	7
111295_x1	4	15
1113053_x1	22	3
1113260_x1	22	21
1113890_x1	22	25
1113937_x1	22	20
1113985_x1	22	22
1114024_x1	22	12
1114450_x1	22	43
1114551_x1	22	24
1114656_x1	22	29
1114919_x1	22	19
1115874_x1	22	18
1115978_x1	22	17
1116260_x1	22	16
1116662_x1	22	11
1116775_x1	22	10
1118411_x1	22	15
1119286_x1	22	14
1119511_x1	22	6
1119821_x1	22	8
1120390_x1	22	1
1121473_x1	22	4
1121565_x1	22	7
1125512_x1	22	13
1125703_x1	22	9
1126281_x1	7	66
1126361_x1	7	70
1127547_x1	18	10
1132851_x1	18	1
113316_x1	4	21
1133523_x1	18	8
1133527_x1	18	9
1133660_x1	18	3
1133675_x1	18	7
1133683_x1	18	5
1134185_x1	18	13
1134282_x1	18	21
1134644_x1	18	15
1134937_x1	18	16
1134955_x1	18	14
1135694_x1	18	4
1135714_x1	18	6
1135748_x1	18	2
1136845_x1	18	12
1138892_x1	18	17
11424_x1	26	4
1142455_x1	18	20
114299_x1	4	9
1143251_x1	18	18
1143639_x1	18	19
1144249_x1	18	22
1144341_x1	18	23
1146208_x1	18	24
1147849_x1	18	30
1147865_x1	18	33
1148105_x1	18	26
1148155_x1	18	32
1148174_x1	18	36
1148201_x1	18	31
1148316_x1	18	34
1148336_x1	18	25
1148410_x1	18	27
1148498_x1	18	29
1149547_x1	18	37
1149929_x1	18	11
1150831_x1	18	39
1150837_x1	18	38
1151125_x1	18	40
1151841_x1	18	41
1152032_x1	18	35
1152066_x1	18	43
1152126_x1	18	44
1152142_x1	18	42
115322_x1	4	4
1153402_x1	18	45
1153827_x1	18	46
1154061_x1	18	47
1154434_x1	18	50
115461_x1	4	12
1154762_x1	18	28
1157273_x1	18	48
1158364_x1	18	49
115909_x1	4	23
1167205_x1	28	21
1167216_x1	28	23
1170558_x1	28	4
1174598_x1	28	10
1175490_x1	28	11
1175546_x1	28	15
1175701_x1	28	17
1177155_x1	28	8
1177210_x1	28	1
1177506_x1	28	6
1177566_x1	28	12
1177609_x1	28	22
1177631_x1	28	7
1177666_x1	28	18
1177676_x1	28	16
1178817_x1	28	14
1178936_x1	28	13
1179116_x1	28	24
1179142_x1	28	9
1179291_x1	28	2
1179539_x1	28	20
118012_x1	4	78
118022_x1	4	77
1181617_x1	28	3
1181653_x1	28	19
1184304_x1	28	5
118433_x1	4	36
118506_x1	4	28
1186157_x1	2	91
118617_x1	4	13
1186265_x1	2	90
1187330_x1	2	92
1188304_x1	2	88
1189578_x1	2	89
1190297_x1	2	85
1190374_x1	2	84
1190389_x1	2	86
1191939_x1	2	59
1194275_x1	2	78
1194298_x1	2	83
1194321_x1	2	69
1194361_x1	2	82
1195105_x1	2	80
1195535_x1	2	73
1195999_x1	2	76
1196101_x1	2	72
1196114_x1	2	74
1196174_x1	2	70
1196439_x1	2	68
1196740_x1	2	67
1197001_x1	2	81
1197017_x1	2	75
1200657_x1	2	87
1201843_x1	2	64
1202085_x1	2	61
1202156_x1	2	66
1202225_x1	2	65
1204745_x1	2	60
1206472_x1	2	71
1206501_x1	2	77
1206577_x1	2	79
1206656_x1	2	63
1207588_x1	2	58
1207977_x1	2	50
1208464_x1	2	57
1208487_x1	2	54
1208538_x1	2	56
1208606_x1	2	55
1208638_x1	2	53
1209730_x1	2	51
1209769_x1	2	49
1210116_x1	2	48
1210244_x1	2	46
1210263_x1	2	45
1211703_x1	2	40
1216238_x1	10	5
1216254_x1	10	4
1216629_x1	10	7
121684_x1	1	3
1218217_x1	10	3
1219633_x1	10	8
1219667_x1	10	1
1221635_x1	10	2
1222005_x1	10	15
1222022_x1	10	13
1222115_x1	10	19
1222154_x1	10	20
1222209_x1	10	22
1222244_x1	10	14
1222331_x1	10	24
1223918_x1	10	12
122412_x1	1	8
1224225_x1	10	17
1224302_x1	10	9
1224950_x1	10	18
1225857_x1	10	6
1225889_x1	10	27
1225898_x1	10	23
1225930_x1	10	21
1225940_x1	10	25
1228976_x1	10	28
1229064_x1	10	29
1229232_x1	10	31
1229875_x1	10	71
123032_x1	1	7
1230895_x1	10	11
1232605_x1	10	26
1232623_x1	10	16
123378_x1	1	6
1234304_x1	10	30
1234743_x1	10	32
123552_x1	1	5
1240938_x1	6	65
1241033_x1	6	69
1241049_x1	6	64
1241057_x1	6	70
1241285_x1	6	59
1241586_x1	6	32
1242750_x1	6	73
1242761_x1	6	72
1242834_x1	6	76
1243078_x1	6	68
1243103_x1	6	67
1243149_x1	6	75
1243494_x1	6	74
1244879_x1	6	77
1244896_x1	6	71
124493_x1	1	10
1246453_x1	6	66
1246632_x1	6	62
1246679_x1	6	63
1246936_x1	6	60
1246939_x1	6	57
1247042_x1	6	61
1247068_x1	6	58
1247391_x1	6	56
1247859_x1	6	55
1249244_x1	6	54
1252919_x1	6	53
1252932_x1	6	52
1253344_x1	6	51
1254714_x1	6	42
1256742_x1	6	50
1256772_x1	6	49
1256781_x1	6	47
1256806_x1	6	46
1256806_x2	6	48
1257755_x1	6	43
1257842_x1	6	39
1257895_x1	6	41
1257898_x1	6	29
1257912_x1	6	44
1257955_x1	6	40
1259068_x1	6	37
1259090_x1	6	35
1259091_x1	6	34
1259122_x1	6	38
1259430_x1	6	28
1260266_x1	6	33
126093_x1	1	1
1261201_x1	6	31
126150_x1	1	4
1262219_x1	6	26
1264069_x1	16	24
1264393_x1	16	48
1264415_x1	16	38
1264522_x1	16	37
1264544_x1	16	44
1264696_x1	16	29
1264705_x1	16	23
1264720_x1	16	41
1265201_x1	16	19
1265206_x1	16	20
1265213_x1	16	28
1265262_x1	16	25
1265528_x1	16	43
1265853_x1	16	52
1265969_x1	16	51
1266215_x1	16	45
1266363_x1	16	54
1266413_x1	16	49
1267635_x1	16	46
1267789_x1	16	32
1267923_x1	16	47
1268029_x1	16	31
1268134_x1	16	53
1268382_x1	16	26
1269634_x1	16	42
1271589_x1	16	50
1271991_x1	16	39
1272070_x1	16	36
1272149_x1	16	40
1272482_x1	16	35
1272520_x1	16	55
1276393_x1	16	30
1276667_x1	16	34
1279093_x1	16	27
1279473_x1	16	22
1279943_x1	16	33
1280166_x1	16	18
1280718_x1	16	3
1280842_x1	16	9
1281120_x1	16	14
1281266_x1	16	21
1282315_x1	16	17
1284100_x1	16	16
1284207_x1	16	13
1284253_x1	16	11
1284281_x1	16	15
1285059_x1	16	10
1285252_x1	16	8
1285551_x1	16	12
1286808_x1	16	7
1289312_x1	16	5
129018_x1	1	11
1290265_x1	16	1
129027_x1	1	2
1290308_x1	16	4
1290548_x1	16	6
1291348_x1	16	2
131027_x1	1	87
132019_x1	1	12
132589_x1	1	23
132651_x1	1	20
132745_x1	1	15
132777_x1	1	14
132932_x1	1	16
132990_x1	1	22
133101_x1	1	19
133150_x1	1	18
133175_x1	1	24
133663_x1	1	17
133716_x1	1	25
134254_x1	1	27
134614_x1	1	28
134861_x1	1	37
135152_x1	1	36
135549_x1	1	13
136417_x1	1	42
137493_x1	1	61
137635_x1	1	56
139047_x1	1	49
139052_x1	1	46
139138_x1	1	40
139189_x1	1	30
139205_x1	1	34
139463_x1	1	31
139486_x1	1	35
140068_x1	1	32
140383_x1	1	26
140451_x1	1	29
140615_x1	1	33
140818_x1	1	38
142391_x1	1	47
142558_x1	1	51
142964_x1	1	50
146560_x1	1	88
147021_x1	1	39
147054_x1	1	108
147668_x1	1	48
147670_x1	1	44
147744_x1	1	43
148865_x1	1	53
148910_x1	1	54
149041_x1	1	52
149079_x1	1	21
149911_x1	1	57
152107_x1	1	60
152336_x1	1	104
152351_x1	1	55
152588_x1	1	45
152590_x1	1	58
153098_x1	1	62
153155_x1	1	63
153192_x1	1	59
154187_x1	1	65
154234_x1	1	70
154251_x1	1	71
154297_x1	1	64
154350_x1	1	72
154384_x1	1	66
154442_x1	1	73
154511_x1	1	69
154654_x1	1	67
154664_x1	1	68
155246_x1	1	75
156156_x1	1	74
156283_x1	1	84
157125_x1	1	76
157128_x1	1	77
158880_x1	1	79
159443_x1	1	41
159775_x1	1	82
160148_x1	1	89
160311_x1	1	78
160434_x1	1	93
161918_x1	1	80
162016_x1	1	83
162188_x1	1	85
162386_x1	1	86
16285_x1	26	24
163060_x1	1	90
163603_x1	1	81
163690_x1	1	102
164030_x1	1	91
164032_x1	1	97
164218_x1	1	96
164332_x1	1	98
164573_x1	1	100
164768_x1	1	101
164783_x1	1	99
165807_x1	1	95
166105_x1	1	92
166129_x1	1	94
166328_x1	1	113
166350_x1	1	105
167424_x1	1	103
167495_x1	1	106
16857_x1	26	26
169319_x1	1	107
16932_x1	26	19
170317_x1	1	109
17064_x1	26	10
171327_x1	1	110
171448_x1	1	111
171531_x1	1	120
171674_x1	1	123
17177_x1	26	15
172237_x1	1	126
172614_x1	1	124
172885_x1	1	115
172964_x1	1	127
173099_x1	1	116
173115_x1	1	125
173135_x1	1	122
173136_x1	1	119
173140_x1	1	117
173154_x1	1	118
174174_x1	1	121
174179_x1	1	112
174180_x1	1	114
175503_x1	2	44
175768_x1	2	47
176438_x1	2	39
176753_x1	2	43
176810_x1	2	41
17721_x1	26	25
177264_x1	2	42
178960_x1	2	38
179044_x1	2	36
179111_x1	2	37
180063_x1	2	62
180556_x1	2	35
181672_x1	2	33
182995_x1	2	30
186367_x1	2	52
186371_x1	2	17
186845_x1	2	29
186850_x1	2	27
186856_x1	2	28
187245_x1	2	34
188116_x1	2	25
18828_x1	26	23
188821_x1	2	23
189555_x1	2	24
189620_x1	2	32
189712_x1	2	31
19000_x1	26	28
191644_x1	2	22
191701_x1	2	19
192617_x1	2	18
192654_x1	2	20
192886_x1	2	26
195666_x1	2	21
196563_x1	2	6
196699_x1	2	5
196702_x1	2	10
196750_x1	2	7
196761_x1	2	9
196899_x1	2	8
197048_x1	2	11
197074_x1	2	14
197169_x1	2	13
197349_x1	2	16
197358_x1	2	12
197780_x1	2	15
199227_x1	2	1
199264_x1	2	2
199575_x1	2	4
199582_x1	2	3
20073_x1	26	31
20295_x1	26	21
203995_x1	12	62
204898_x1	12	64
205445_x1	12	66
205702_x1	12	67
205839_x1	12	58
205983_x1	12	65
206174_x1	12	63
206213_x1	12	61
210321_x1	12	59
210322_x1	12	60
210408_x1	12	53
211139_x1	12	54
211405_x1	12	57
214166_x1	12	56
2155_x1	26	2
216279_x1	12	55
217279_x1	12	51
217280_x1	12	49
217287_x1	12	50
217380_x1	12	52
218968_x1	12	39
219079_x1	12	42
2208_x1	26	3
221762_x1	12	30
224462_x1	12	37
224627_x1	12	33
224877_x1	12	38
224998_x1	12	32
225044_x1	12	31
225083_x1	12	35
225128_x1	12	34
225756_x1	12	36
228510_x1	12	43
228681_x1	12	40
229198_x1	12	45
229312_x1	12	41
229326_x1	12	48
229442_x1	12	47
230816_x1	12	46
234317_x1	12	44
236250_x1	12	14
237966_x1	12	4
238213_x1	12	12
238470_x1	12	8
238493_x1	12	7
239011_x1	12	26
240958_x1	12	1
241762_x1	12	3
241842_x1	12	27
244483_x1	12	2
24467_x1	26	27
244870_x1	12	25
244897_x1	12	23
244986_x1	12	9
245076_x1	12	13
245942_x1	12	6
246030_x1	12	11
246210_x1	12	5
247194_x1	12	10
247817_x1	12	19
254022_x1	12	20
25482_x1	26	39
25525_x1	26	42
25657_x1	26	35
258735_x1	12	21
258883_x1	12	24
259063_x1	12	29
260523_x1	12	15
261208_x1	12	18
262217_x1	12	16
263515_x1	12	17
265105_x1	12	22
265956_x1	12	28
266757_x1	7	7
267433_x1	7	6
267614_x1	7	18
267844_x1	7	10
269226_x1	7	4
269801_x1	7	2
269960_x1	7	5
269996_x1	7	9
270694_x1	7	11
270752_x1	7	3
270817_x1	7	12
271274_x1	7	13
271336_x1	7	23
27139_x1	26	29
273362_x1	7	1
277020_x1	7	24
277173_x1	7	26
279130_x1	3	13
279848_x1	7	8
28027_x1	26	37
280632_x1	7	15
280653_x1	7	14
280744_x1	7	16
282461_x1	7	19
284504_x1	7	17
284512_x1	7	20
285623_x1	7	21
286315_x1	7	28
286336_x1	7	27
290440_x1	7	35
290700_x1	7	29
290756_x1	7	30
290854_x1	7	31
290980_x1	7	38
291040_x1	7	39
292395_x1	7	55
292481_x1	7	36
292693_x1	7	50
292707_x1	7	53
292731_x1	7	51
292786_x1	7	47
293855_x1	7	41
294246_x1	7	33
294306_x1	7	32
294892_x1	7	40
297193_x1	7	43
297502_x1	7	44
297980_x1	7	42
298921_x1	7	46
298977_x1	7	34
299356_x1	7	52
299361_x1	7	25
299602_x1	7	49
299941_x1	7	22
300076_x1	7	48
300130_x1	7	45
303880_x1	7	54
304135_x1	7	58
305084_x1	7	56
305367_x1	7	57
306062_x1	7	59
3091_x1	26	5
30942_x1	26	43
310032_x1	7	62
310148_x1	7	60
310355_x1	7	61
311479_x1	7	64
313094_x1	7	67
313499_x1	7	63
315907_x1	7	37
316076_x1	7	65
316904_x1	7	69
317120_x1	7	68
320124_x1	22	2
32059_x1	26	53
325731_x1	14	7
325971_x1	14	8
327494_x1	14	2
327504_x1	14	5
32759_x1	26	30
328073_x1	14	3
328236_x1	14	11
328271_x1	14	9
328536_x1	14	18
328586_x1	14	1
328851_x1	14	12
329018_x1	14	13
329121_x1	14	14
329637_x1	14	15
330385_x1	14	20
330583_x1	14	22
332271_x1	14	28
332276_x1	14	44
332277_x1	14	53
332311_x1	14	43
332720_x1	14	25
332785_x1	14	27
332964_x1	14	17
333090_x1	14	16
333126_x1	14	19
333160_x1	14	23
333181_x1	14	21
335140_x1	14	29
335165_x1	14	30
335237_x1	14	31
336480_x1	14	33
338487_x1	14	35
338909_x1	14	34
3394_x1	26	20
339578_x1	14	6
339837_x1	14	32
344911_x1	14	36
344953_x1	14	38
344991_x1	14	37
345187_x1	14	40
345613_x1	14	42
34634_x1	26	45
347438_x1	14	45
348965_x1	14	41
351526_x1	14	46
352535_x1	14	50
352747_x1	14	49
352819_x1	14	48
352820_x1	14	47
354509_x1	14	52
354524_x1	14	54
355873_x1	14	51
356391_x1	14	55
356634_x1	14	57
365124_x1	14	61
366341_x1	14	58
367960_x1	14	56
369001_x1	14	39
369625_x1	14	26
369751_x1	14	63
370187_x1	14	59
370735_x1	14	10
372559_x1	14	60
373993_x1	14	62
374701_x1	14	24
37659_x1	26	32
378054_x1	15	4
37839_x1	26	33
378969_x1	15	24
379628_x1	15	7
379891_x1	15	14
380030_x1	15	18
380535_x1	15	2
381997_x1	15	6
382463_x1	15	16
382915_x1	15	13
382958_x1	15	31
383333_x1	15	5
385928_x1	15	23
387444_x1	15	9
388007_x1	15	11
388062_x1	15	3
388083_x1	15	12
388198_x1	15	15
388329_x1	15	1
389257_x1	15	51
389387_x1	15	37
390105_x1	15	10
393341_x1	15	19
393463_x1	15	17
393495_x1	15	20
398419_x1	15	22
398473_x1	15	21
399682_x1	15	27
40012_x1	26	34
401762_x1	15	28
4025_x1	26	16
40708_x1	26	22
407358_x1	15	25
40760_x1	26	17
40951_x1	26	36
409725_x1	15	26
409726_x1	15	29
410818_x1	15	8
410827_x1	15	50
411444_x1	15	32
411536_x1	15	30
411575_x1	15	34
411818_x1	15	36
411821_x1	15	33
412061_x1	15	38
412153_x1	15	35
412745_x1	15	40
412751_x1	15	41
412818_x1	15	39
413170_x1	15	42
416414_x1	15	45
418474_x1	15	46
418564_x1	15	43
421548_x1	15	44
421847_x1	15	48
422214_x1	15	63
422239_x1	15	62
422993_x1	15	47
423887_x1	15	69
424273_x1	15	55
42497_x1	26	47
426126_x1	15	53
426186_x1	15	57
426241_x1	15	58
426252_x1	15	67
426467_x1	15	66
42653_x1	26	46
426559_x1	15	52
427858_x1	15	64
427935_x1	15	54
428333_x1	15	68
428463_x1	15	65
428806_x1	15	59
428807_x1	15	56
428825_x1	15	61
428877_x1	15	60
429937_x1	15	49
434828_x1	27	29
434880_x1	27	32
435810_x1	27	6
438845_x1	27	4
440130_x1	27	2
442899_x1	27	1
443021_x1	27	5
443170_x1	27	7
443775_x1	27	10
443776_x1	27	8
449005_x1	27	15
449116_x1	27	13
449152_x1	27	12
450774_x1	27	16
450813_x1	27	18
451660_x1	27	9
453109_x1	27	19
453164_x1	27	22
453172_x1	27	20
453199_x1	27	21
455344_x1	27	23
461061_x1	27	14
462502_x1	27	17
464445_x1	27	3
465987_x1	27	24
468106_x1	27	28
468110_x1	27	26
468316_x1	27	31
468386_x1	27	25
468617_x1	27	11
471274_x1	27	27
471978_x1	27	30
47455_x1	26	44
47710_x1	26	38
478372_x1	5	75
478580_x1	5	68
47889_x1	26	41
479202_x1	5	77
479655_x1	5	65
479659_x1	5	71
479758_x1	5	66
480049_x1	5	79
480546_x1	5	76
480550_x1	5	78
480561_x1	5	72
480665_x1	5	73
481851_x1	5	62
481851_x2	5	67
481940_x1	5	64
482958_x1	5	61
484075_x1	5	60
48441_x1	26	49
48442_x1	26	52
48451_x1	26	51
485679_x1	5	58
485980_x1	5	51
48605_x1	26	40
486746_x1	5	59
487624_x1	5	55
487639_x1	5	57
487655_x1	5	56
487689_x1	5	54
491181_x1	5	52
492032_x1	5	47
492229_x1	5	32
492283_x1	5	50
492386_x1	5	48
492452_x1	5	53
493137_x1	5	40
493320_x1	5	49
494621_x1	5	41
494725_x1	5	38
494729_x1	5	46
494837_x1	5	45
495020_x1	5	39
495035_x1	5	44
495205_x1	5	36
495434_x1	5	37
495440_x1	5	35
496273_x1	5	42
496341_x1	5	43
499233_x1	5	33
499517_x1	5	34
501131_x1	5	31
501152_x1	5	29
501237_x1	5	30
502528_x1	5	28
503061_x1	5	27
504894_x1	5	23
504965_x1	5	25
505027_x1	5	24
507790_x1	5	22
508669_x1	5	20
508670_x1	5	26
509562_x1	5	15
512624_x1	5	18
512670_x1	5	14
514944_x1	5	10
516705_x1	5	9
516723_x1	5	5
516848_x1	5	13
516850_x1	5	12
516870_x1	5	11
517146_x1	5	17
519078_x1	5	16
519243_x1	5	19
519448_x1	5	8
520209_x1	5	6
521692_x1	5	21
522235_x1	11	52
523159_x1	5	4
523300_x1	5	3
523490_x1	5	2
525608_x1	20	9
526031_x1	20	1
526113_x1	20	7
526186_x1	20	3
526401_x1	20	6
526418_x1	20	2
526440_x1	20	4
527193_x1	20	11
528869_x1	20	12
529224_x1	20	10
529805_x1	20	13
530620_x1	20	37
53097_x1	26	50
531154_x1	20	16
531157_x1	20	15
532787_x1	20	17
532807_x1	20	8
534870_x1	20	14
536490_x1	20	18
537536_x1	20	19
539346_x1	20	20
540332_x1	20	21
540857_x1	20	22
541259_x1	20	23
544352_x1	20	24
544512_x1	20	25
545453_x1	20	57
545597_x1	20	5
545689_x1	20	41
546375_x1	20	26
550163_x1	20	29
550591_x1	20	27
551838_x1	20	31
551894_x1	20	28
551919_x1	20	32
551976_x1	20	34
552191_x1	20	30
553242_x1	20	35
55547_x1	26	48
557874_x1	20	36
560882_x1	20	33
562552_x1	20	42
563599_x1	20	39
563701_x1	20	40
564387_x1	20	46
565554_x1	20	44
566529_x1	20	47
567050_x1	20	45
567418_x1	20	49
567558_x1	20	48
570116_x1	20	53
570121_x1	20	51
571157_x1	20	60
571194_x1	20	59
571254_x1	20	61
571347_x1	20	52
571604_x1	20	43
57165_x1	26	6
571718_x1	20	38
572026_x1	20	55
573315_x1	20	54
574448_x1	20	58
574628_x1	20	50
578499_x1	20	56
581839_x1	3	6
582886_x1	3	7
584706_x1	3	39
58551_x1	4	81
585995_x1	3	37
586680_x1	3	16
586747_x1	3	38
586789_x1	3	4
58765_x1	4	82
588849_x1	3	3
589116_x1	3	1
589373_x1	3	10
589410_x1	3	5
589720_x1	3	12
589751_x1	3	9
590327_x1	3	56
59122_x1	4	80
597232_x1	3	2
601060_x1	3	8
602890_x1	3	18
603296_x1	3	17
603692_x1	3	14
604398_x1	3	23
604446_x1	3	20
604462_x1	3	22
605383_x1	3	24
605896_x1	3	19
605904_x1	3	21
607447_x1	3	15
607493_x1	3	26
608654_x1	3	27
609806_x1	3	11
609911_x1	3	25
609938_x1	3	30
609939_x1	3	29
609959_x1	3	32
609987_x1	3	33
610691_x1	3	34
611199_x1	3	31
611952_x1	3	59
61302_x1	4	68
614776_x1	3	40
614831_x1	3	36
615006_x1	3	41
616917_x1	3	42
618027_x1	3	49
618433_x1	3	35
619335_x1	3	46
61968_x1	1	9
621176_x1	3	43
621240_x1	3	44
622105_x1	3	54
622156_x1	3	67
622175_x1	3	51
622203_x1	3	63
622542_x1	3	50
622740_x1	3	55
622757_x1	3	57
624470_x1	3	45
625423_x1	3	28
625433_x1	3	60
625460_x1	3	53
626098_x1	3	61
626475_x1	3	47
626546_x1	3	52
626592_x1	3	58
626682_x1	3	48
628842_x1	3	71
630970_x1	3	76
631692_x1	3	62
633918_x1	3	66
634061_x1	3	64
634670_x1	3	72
634738_x1	3	81
634820_x1	3	69
635203_x1	3	70
635232_x1	3	74
635262_x1	3	73
636632_x1	3	82
636936_x1	3	77
637425_x1	3	80
637707_x1	3	78
638579_x1	24	14
640611_x1	13	2
641074_x1	13	6
641202_x1	13	17
64218_x1	4	54
642259_x1	24	37
643240_x1	24	38
643497_x1	24	31
643537_x1	24	42
643555_x1	24	35
643577_x1	24	43
643691_x1	24	41
644061_x1	24	39
64425_x1	4	74
64425_x2	4	65
64436_x1	4	76
64465_x1	4	72
644729_x1	24	44
647591_x1	24	36
647608_x1	24	34
647817_x1	24	33
647845_x1	24	32
649222_x1	24	27
649464_x1	24	30
650567_x1	24	21
650937_x1	24	26
650996_x1	24	29
652165_x1	24	16
653911_x1	24	25
654990_x1	24	19
655000_x1	24	10
655658_x1	24	11
655805_x1	24	17
655830_x1	24	13
656373_x1	24	12
656408_x1	24	15
657144_x1	24	3
657222_x1	24	22
657531_x1	24	9
657826_x1	24	18
658538_x1	24	24
659744_x1	24	4
659898_x1	24	6
660035_x1	3	75
6604_x1	26	9
661442_x1	24	1
661603_x1	24	7
662349_x1	24	2
6640_x1	26	11
665054_x1	24	23
6651_x1	26	12
665150_x1	24	20
665786_x1	24	8
665850_x1	24	5
66735_x1	4	79
669419_x1	3	65
670021_x1	3	79
670447_x1	3	68
67052_x1	4	67
672447_x1	24	28
676513_x1	6	27
676543_x1	6	25
676705_x1	6	24
677048_x1	6	23
678060_x1	6	20
68134_x1	4	59
682288_x1	6	19
682346_x1	6	22
684224_x1	6	1
684262_x1	6	30
684266_x1	6	18
684702_x1	6	36
685842_x1	6	9
685910_x1	6	15
686030_x1	6	8
688022_x1	6	14
688174_x1	6	21
688242_x1	6	45
688968_x1	6	2
689090_x1	6	6
689671_x1	6	17
6905_x1	26	8
690700_x1	6	16
691255_x1	6	12
691389_x1	6	13
69234_x1	4	71
69245_x1	4	73
693015_x1	6	11
693064_x1	6	10
693086_x1	6	4
693256_x1	6	7
696782_x1	6	5
697259_x1	6	3
699884_x1	8	58
700286_x1	8	67
70038_x1	4	62
700396_x1	8	65
700749_x1	8	71
701314_x1	8	64
701335_x1	8	63
701391_x1	8	66
701727_x1	8	70
701814_x1	8	69
701836_x1	8	60
701851_x1	8	68
70251_x1	4	60
702699_x1	8	62
703112_x1	8	59
704456_x1	8	57
704570_x1	8	56
705321_x1	8	46
705457_x1	8	53
705464_x1	8	25
705478_x1	8	61
706069_x1	8	51
706852_x1	8	55
706869_x1	8	52
706924_x1	8	48
708114_x1	8	50
709097_x1	8	45
709994_x1	8	49
710180_x1	8	47
710590_x1	8	44
710861_x1	8	40
710936_x1	8	43
711201_x1	8	35
711274_x1	8	41
711947_x1	8	39
711951_x1	8	42
713315_x1	8	37
713340_x1	8	38
714410_x1	8	34
714981_x1	8	36
715314_x1	8	33
716428_x1	8	54
716641_x1	8	23
716742_x1	8	27
716894_x1	8	28
716901_x1	8	32
716943_x1	8	22
717226_x1	8	29
718195_x1	8	26
71873_x1	4	70
719922_x1	8	21
72061_x1	4	69
72111_x1	4	66
72169_x1	4	64
722952_x1	8	6
722975_x1	8	31
724096_x1	8	20
724128_x1	8	30
727420_x1	8	24
727689_x1	8	18
727791_x1	8	12
728315_x1	8	3
729138_x1	8	17
729188_x1	8	16
729355_x1	8	1
729484_x1	8	15
729510_x1	8	10
729966_x1	8	5
730628_x1	8	13
7311_x1	26	13
731116_x1	8	11
73285_x1	4	30
733009_x1	8	2
73311_x1	4	41
73336_x1	4	61
733643_x1	8	9
733761_x1	8	14
733821_x1	8	8
73398_x1	4	63
735349_x1	8	19
735969_x1	8	4
736054_x1	8	7
738719_x1	17	2
738974_x1	17	3
73939_x1	4	57
739786_x1	17	4
74156_x1	4	56
742180_x1	19	3
742181_x1	19	2
742905_x1	19	4
74316_x1	4	55
74508_x1	4	58
745138_x1	19	6
745254_x1	19	8
745522_x1	19	1
746220_x1	19	12
746311_x1	19	9
746329_x1	19	10
746405_x1	19	13
746445_x1	19	7
746693_x1	19	14
746855_x1	19	15
747707_x1	19	21
74795_x1	4	53
748340_x1	19	16
748497_x1	19	18
748546_x1	19	17
74994_x1	4	50
750326_x1	19	33
750727_x1	19	19
750951_x1	19	22
751023_x1	19	20
751193_x1	19	23
751295_x1	19	5
753272_x1	19	26
754331_x1	19	27
754356_x1	19	24
75477_x1	4	45
756067_x1	19	29
756165_x1	19	30
76017_x1	4	52
760295_x1	19	32
760540_x1	19	31
76161_x1	4	46
762148_x1	19	34
762697_x1	19	36
76270_x1	4	49
76305_x1	4	48
765322_x1	19	11
767013_x1	19	35
76780_x1	4	47
76787_x1	4	44
768769_x1	5	70
768880_x1	5	69
768895_x1	5	63
768956_x1	5	74
770597_x1	19	40
770617_x1	19	41
770618_x1	19	37
770881_x1	19	38
771347_x1	19	46
771501_x1	19	39
771531_x1	19	44
772496_x1	19	47
773643_x1	19	43
774959_x1	19	42
776011_x1	19	48
77706_x1	4	3
778886_x1	19	45
778934_x1	19	50
779087_x1	19	49
781956_x1	19	28
785829_x1	19	51
78612_x1	4	42
786428_x1	19	52
786448_x1	19	25
787721_x1	19	53
792122_x1	24	40
79269_x1	4	40
792759_x1	13	27
792760_x1	13	18
794615_x1	13	23
794697_x1	13	31
794798_x1	13	12
794805_x1	13	16
794833_x1	13	14
794937_x1	13	10
795032_x1	13	11
795507_x1	13	9
795578_x1	13	5
795673_x1	13	15
795679_x1	13	1
795852_x1	13	8
795863_x1	13	3
796064_x1	13	22
796105_x1	13	21
796114_x1	13	20
796124_x1	13	19
796708_x1	13	26
797123_x1	13	28
797126_x1	13	34
797130_x1	13	36
797189_x1	13	33
79751_x1	4	43
79755_x1	4	39
797604_x1	13	29
798243_x1	13	37
798374_x1	13	25
798464_x1	13	62
798485_x1	13	7
798543_x1	13	13
798610_x1	13	38
799815_x1	13	30
801950_x1	13	32
805127_x1	13	39
81196_x1	4	33
81236_x1	4	34
81337_x1	4	35
814052_x1	13	41
814102_x1	13	45
817253_x1	13	53
82146_x1	4	25
822334_x1	13	40
823697_x1	13	44
823951_x1	13	51
823985_x1	13	50
824125_x1	13	54
825227_x1	13	46
826271_x1	13	55
827298_x1	13	52
827862_x1	13	56
828548_x1	13	71
828718_x1	13	47
828840_x1	13	64
829047_x1	13	43
829186_x1	13	57
829237_x1	13	35
829404_x1	13	48
829973_x1	13	63
830021_x1	13	59
830684_x1	13	49
830759_x1	13	42
830830_x1	13	24
830983_x1	13	4
831467_x1	13	67
831585_x1	13	60
832048_x1	13	66
832197_x1	13	68
833271_x1	13	61
833325_x1	13	65
833602_x1	13	70
834521_x1	13	69
836144_x1	13	58
840984_x1	14	4
841768_x1	9	70
841839_x1	9	71
843143_x1	9	66
843309_x1	9	62
843312_x1	9	64
844586_x1	9	69
844587_x1	9	65
844685_x1	9	68
845479_x1	9	67
845638_x1	9	63
845718_x1	9	32
845820_x1	9	61
847019_x1	9	57
848221_x1	9	56
848897_x1	9	45
850332_x1	9	43
851454_x1	9	58
851483_x1	9	46
851538_x1	9	41
851690_x1	9	42
851751_x1	9	39
852821_x1	9	60
854632_x1	9	55
855190_x1	9	29
855212_x1	9	50
855517_x1	9	52
855593_x1	9	49
855884_x1	9	54
855955_x1	9	37
856602_x1	9	53
859214_x1	9	27
861394_x1	9	38
861466_x1	9	59
861775_x1	9	35
861895_x1	9	31
861946_x1	9	33
861997_x1	9	34
862040_x1	9	28
862095_x1	9	30
862263_x1	9	47
862381_x1	9	44
862446_x1	9	36
862523_x1	9	51
862536_x1	9	40
862675_x1	9	48
863667_x1	9	25
863688_x1	9	23
863815_x1	9	17
864049_x1	9	19
864101_x1	9	22
864135_x1	9	18
864277_x1	9	16
864319_x1	9	20
865021_x1	9	24
865022_x1	9	26
865160_x1	9	21
865437_x1	9	15
86695_x1	4	75
867512_x1	9	14
867539_x1	9	10
867730_x1	9	13
868563_x1	9	12
869780_x1	9	11
869971_x1	9	9
870_x1	26	7
870759_x1	9	8
871597_x1	9	7
872248_x1	9	6
874262_x1	9	5
874323_x1	9	3
874522_x1	9	4
875097_x1	9	1
876138_x1	9	2
878696_x1	5	1
878820_x1	5	7
881772_x1	11	54
881827_x1	11	59
881992_x1	11	43
882006_x1	11	65
882035_x1	11	17
882037_x1	11	63
882430_x1	11	47
883153_x1	11	50
883602_x1	11	57
883675_x1	11	58
883744_x1	11	55
883780_x1	11	61
884003_x1	11	53
884014_x1	11	60
884141_x1	11	66
884270_x1	11	56
884375_x1	11	62
885878_x1	11	49
886202_x1	11	48
887251_x1	11	24
887331_x1	11	35
887838_x1	11	44
887848_x1	11	46
887954_x1	11	45
890284_x1	11	51
890318_x1	11	39
890326_x1	11	38
890421_x1	11	40
890638_x1	11	41
890645_x1	11	42
891446_x1	11	34
892183_x1	11	32
893660_x1	11	37
893729_x1	11	33
895242_x1	11	36
895294_x1	11	31
896774_x1	11	29
897217_x1	11	28
898499_x1	11	30
898569_x1	11	25
898633_x1	11	64
901172_x1	11	27
90143_x1	4	38
903185_x1	11	26
903240_x1	11	23
903620_x1	11	22
907270_x1	11	21
909598_x1	11	20
909687_x1	11	13
909706_x1	11	19
911225_x1	11	15
911262_x1	11	16
911262_x2	11	18
911548_x1	11	11
911568_x1	11	10
911807_x1	11	12
911952_x1	11	14
912573_x1	11	7
912629_x1	11	8
913472_x1	11	9
914075_x1	11	5
914214_x1	11	6
915518_x1	11	2
915585_x1	11	4
915753_x1	11	3
915778_x1	11	1
920204_x1	29	23
920364_x1	29	18
920636_x1	29	15
920805_x1	29	17
9246_x1	26	14
924889_x1	29	16
930376_x1	29	12
930551_x1	29	14
930673_x1	29	19
930685_x1	29	21
931544_x1	29	22
9321_x1	26	18
937502_x1	29	24
937580_x1	29	20
937899_x1	29	11
938133_x1	29	9
938363_x1	29	10
93866_x1	4	32
939910_x1	29	8
940243_x1	29	5
940282_x1	29	6
940485_x1	29	13
943129_x1	29	4
943371_x1	29	1
945052_x1	29	2
945063_x1	29	3
945311_x1	29	7
947292_x1	17	1
947293_x1	17	5
948177_x1	17	6
949185_x1	17	41
950269_x1	17	18
951980_x1	17	12
951983_x1	17	9
952021_x1	17	8
952027_x1	17	14
952058_x1	17	13
952068_x1	17	7
952073_x1	17	11
952098_x1	17	15
952837_x1	17	10
955721_x1	17	16
955735_x1	17	19
959452_x1	17	23
959964_x1	17	21
960148_x1	17	17
960171_x1	17	20
960643_x1	17	22
963191_x1	17	25
963394_x1	17	31
963408_x1	17	30
963429_x1	17	28
963438_x1	17	29
963478_x1	17	24
963823_x1	17	26
964026_x1	17	32
964044_x1	17	34
964082_x1	17	35
964416_x1	17	36
964700_x1	17	33
965533_x1	17	38
96628_x1	4	20
966750_x1	17	27
966960_x1	17	44
967017_x1	17	46
967258_x1	17	40
967439_x1	17	43
967585_x1	17	39
967592_x1	17	47
967674_x1	17	42
967766_x1	17	56
967793_x1	17	45
967938_x1	17	53
968256_x1	17	48
968361_x1	17	54
968381_x1	17	51
968459_x1	17	37
970336_x1	17	50
971585_x1	17	49
974935_x1	17	52
975107_x1	17	55
978692_x1	21	5
979390_x1	21	1
979476_x1	21	3
979975_x1	21	6
981573_x1	21	9
981594_x1	21	12
983960_x1	21	14
984032_x1	21	8
985646_x1	21	2
985691_x1	21	4
985702_x1	21	7
987986_x1	21	10
98829_x1	4	37
988500_x1	21	30
988808_x1	21	11
988983_x1	21	15
989216_x1	21	13
992078_x1	21	21
992140_x1	21	18
992647_x1	21	17
992847_x1	21	20
992857_x1	21	19
993253_x1	21	22
993698_x1	21	16
996026_x1	21	26
996084_x1	21	32
996097_x1	21	27
996743_x1	21	25
997759_x1	21	23
998052_x1	21	28
998098_x1	21	33
998225_x1	21	24
999423_x1	21	29
999569_x1	21	39
999687_x1	21	35
