Sample_ID	Heterozygosity
Abbot_20_01	0.0007095973035302466
Abbot_20_03	0.0003237293622531564
Abbot_20_26	0.002312902692879564
AdamsBR3_17_01	0.0
AdamsBR3_17_02	0.000141622999575131
AdamsBR3_17_03	0.0001422879908935686
AdamsBR3_17_07	0.0
AdamsBR3_17_09	0.00028074115665356543
AdamsBR3_17_11	0.00014596409283316303
AdamsBR3_17_12	0.00014058765640376775
AdamsBR3_17_13	0.0
AdamsBR3_17_15	0.00014078558355624384
AdamsBR3_17_19	0.0
AdamsBR3_17_20	0.0
AdamsBR3_17_22	0.0
AdamsBR3_17_24	0.000140548137737175
AdamsBR3_17_25	0.0
AdamsBR3_17_28	0.0001406271972999578
ARD_20_01	0.00015432098765432098
ARD_20_02	0.00029129041654529564
ARD_20_03	0.0004550280600637039
ARD_20_05	0.0005818181818181818
ARD_20_06	0.00070212392487274
ARD_20_07	0.00014602803738317756
ARD_20_10	0.0005840268652358008
ARD_20_11	0.0010376519418914913
ARD_20_12	0.0007333528894103843
ARD_20_13	0.0005833454863642993
ARD_20_14	0.000145623998835008
ARD_20_15	0.0004394316683755676
ARD_20_16	0.0007262164124909223
ARD_20_17	0.0006940829429116779
ARD_20_18	0.0
ARD_20_20	0.001053740779768177
ARD_20_21	0.00031730921783277807
ARD_20_22	0.0011702750146284377
ARD_20_23	0.0008892841262783459
ARD_20_24	0.0007608034083992696
ARD_20_25	0.00045475216007276033
ARD_20_26	0.0003145148608271741
ARD_20_27	0.0007274843590862796
ARD_20_28	0.0006361323155216285
ARD_20_29	0.0001505797319680771
ARD_20_30	0.0010164077246987077
ARD_20_31	0.0008870490833826139
Arlee_06_04	0.0010309278350515464
Arlee_06_05	0.0005225570458108344
Arlee_06_10	0.0005920663114268798
Arlee_06_11	0.00045717768972874126
Arlee_06_12	0.0004623208506703652
Arlee_06_14	0.0008160600620205648
Arlee_06_15	0.00045962923241918186
Arlee_06_16	0.0010585210948132466
Arlee_06_17	0.0006012325266796934
Arlee_06_18	0.0001658649859014762
Arlee_06_19	0.0007525586995785671
Arlee_06_20	0.00029748624126134165
Arlee_06_21	0.0013406822583047818
Arlee_06_22	0.0
Arlee_06_23	0.0006117143294081664
Arlee_06_24	0.00031710797526557794
Arlee_08_02	0.00019312475859405175
Arlee_08_07	0.001120358514724712
Arlee_08_08	0.0012176560121765602
Arlee_08_09	0.0007532389273877674
Arlee_08_11	0.0005011693952555964
Arlee_08_13	0.000643707756678468
Arlee_08_14	0.0008291873963515755
Arlee_08_16	0.00032846115946789294
Arlee_08_18	0.0007724393635099645
Arlee_08_20	0.00044603033006244426
Arlee_BY21_01_1	0.0011054958938723942
Arlee_BY21_01	0.0010651247717589774
Arlee_BY21_02	0.0006098490623570666
Arlee_BY21_03	0.00032149172158816913
Arlee_BY21_04	0.0007652573177731012
Arlee_BY21_05	0.0010615711252653928
Arlee_BY21_06	0.0009195402298850574
Arlee_BY21_07	0.0007453786523553966
ArleeBY_21_07	0.0010161126433444621
Arlee_BY21_08	0.0006642311524410495
Arlee_BY21_09	0.001322556943423953
Arlee_BY21_10	0.00015349194167306216
Arlee_BY21_13	0.0
Arlee_BY21_15	0.0007684032580298141
Arlee_BY21_17	0.0010574018126888218
Arlee_BY21_18	0.00019565642731363725
Arlee_BY21_19	0.0009613843935266784
Arlee_BY21_20	0.0009157509157509158
Arlee_BY21_21	0.0013986013986013986
Arlee_BY21_22	0.0013918960717599752
Arlee_BY21_23	0.0004503152206544581
Arlee_BY21_24	0.0007970667941973537
Arlee_BY21_25	0.0008945877441479052
Arlee_BY21_27	0.00015693659761456373
Arlee_BY21_29	0.0007005253940455342
Arlee_BY21_30	0.0
AT_AB_0228	0.0
AT_AT_0003	0.0
AT_BB_0001	0.0011301031219098743
AuburnFH_14_23	0.0005764519383196426
AuburnFH_14_24	0.0004299842339114232
AuburnFH_14_25	0.0002859185132237312
AuburnFH_14_26	0.0004299842339114232
AuburnFH_14_43	0.0008623167576889911
AuburnFH_14_44	0.00028839221341023794
AuburnFH_14_45	0.0007179781734635267
AuburnFH_14_46	0.00014461315979754158
B10_21_17	0.0
Baree_17_121	0.05288816664204461
Baree_17_122	0.07678217066096779
Baree_17_123	0.015393468565674005
Baree_17_124	0.08015826494724501
Baree_17_125	0.06383902721482339
Baree_17_126	0.0014788524105294291
Baree_17_128	0.027412110887409014
Baree_17_129	0.0031267765776009098
Baree_17_130	0.0476529160739687
Baree_17_131	0.032985863201485076
Baree_17_132	0.051826187382705356
Baree_17_133	0.0246234067207416
Baree_17_134	0.02080624187256177
Baree_17_135	0.0010056989607777405
Baree_17_136	0.01605670475914943
Baree_17_137	0.015036496350364964
Baree_17_138	0.03539950874151134
Baree_17_139	0.0506604732181739
Baree_17_140	0.0
Baree_17_141	0.05364677516576251
Baree_17_142	0.008576075706047612
Baree_17_143	0.010983685995800355
Baree_17_144	0.03260553129548763
Baree_17_145	0.002421307506053269
Baree_17_146	0.0002972209838014564
Baree_17_147	0.0766338406445837
Baree_17_149	0.00245416486213368
Baree_17_150	0.021780721118469463
BC1_23_01	0.0
BC2_23_01	0.0
BC2_23_02	0.0
BC2_23_04	0.0
BC3_23_01	0.0
BC3_23_02	0.0
BCC1_23_01	0.0
BCC1_23_03	0.0
Bear_17_184	0.0
Bear_17_200	0.0
Bear_17_201	0.0
Bear_17_202	0.0
Bear_17_203	0.0
Bear_17_205	0.0
Bear_17_208	0.0
Bear_17_209	0.0
Bear_17_210	0.0
Bear_21_001	0.0
Bear_21_002	0.0
Bear_21_003	0.0
Bear_21_004	0.0
Bear_21_005	0.00014088475626937165
Bear_21_006	0.0
Bear_21_007	0.00014025245441795232
Bear_21_008	0.0
Bear_21_009	0.0
Bear_21_010	0.0
Bear_21_011	0.0
Bear_21_013	0.00014076576576576576
Bear_21_014	0.0
Bear_21_015	0.0001422475106685633
Bear_21_016	0.0001408252358822701
Bear_21_017	0.0
Bear_21_018	0.0
Bear_21_019	0.0
Bear_21_021	0.00014124293785310735
Bear_21_022	0.0
Bear_21_023	0.0
Bear_21_024	0.0
Bear_21_026	0.00014281633818908883
Bear_21_027	0.0002810172825628776
Bear_21_028	0.0002813335208890139
Bear_21_029	0.00014291839359725596
Bear_21_030	0.0
Bear_21_031	0.00014098406880022558
Bear_21_032	0.0004219409282700422
Bear_21_033	0.0
Bear_21_034	0.0
Bear_21_035	0.00014130281192595732
Bear_21_036	0.00014029180695847364
Bear_21_037	0.0
Bear_21_038	0.0004433934377771209
Bear_21_039_1	0.0
Bear_21_039	0.0
Bear_21_040	0.00014654161781946072
Bear_21_041	0.0
Bear_21_042	0.0
Bear_21_043	0.00014066676044450696
Bear_21_044	0.00014064697609001407
Bear_21_045	0.0005644933672029354
Bear_21_046	0.0
Bear_21_047	0.0
Bear_21_048	0.0001424298532972511
Bear_21_049	0.00014029180695847364
Bear_21_050	0.0
Bear_21_051	0.0
Bear_21_052	0.00014234875444839857
Bear_21_053	0.0
Bear_21_054	0.0
Bear_21_055	0.0
Bear_21_056	0.0
Bear_21_057	0.0
Bear_21_058	0.0
Bear_21_061	0.0
Bear_21_062	0.0
Bear_21_063	0.0
Bear_21_064	0.00014088475626937165
Bear_21_065	0.0002852660105548424
Bear_21_066	0.0005814798662596307
Bear_21_067	0.00014112334180073385
Bear_21_068	0.0001414827391058291
Bear_21_069	0.00014536996656490768
Bear_21_070	0.0001432870038687491
Bear_21_071	0.0
Bear_21_072	0.00015318627450980392
Bear_21_073	0.00014072614691809738
Bear_21_074	0.00014927601134497685
Bear_21_075	0.0
Bear_21_076	0.0
Bear_21_077	0.0
Bear_21_078	0.0
Bear_21_079	0.00014302059496567506
Bear_21_080	0.0
Bear_21_081	0.0
Bear_21_083	0.0
Bear_21_084	0.0
Bear_21_086	0.00014064697609001407
Bear_21_087	0.0004220002813335209
Bear_21_088	0.0
Bear_21_089	0.0
Bear_21_090	0.00015698587127158556
Bear_21_091	0.0
Bear_21_092	0.0001536806516059628
Bear_21_094	0.00014660606949127694
Bear_21_095	0.00014060742407199101
Bear_21_096	0.00031411967959792684
Bear_21_097	0.0
Bear_21_098	0.0001456876456876457
Bear_21_099	0.00014035087719298245
Bear_21_100	0.00014925373134328358
Bear_21_101	0.0
Bear_21_102	0.0
Bear_21_103	0.0
Bear_24_001	0.0
Bear_24_002_1	0.0
Bear_24_002	0.0
Bear_24_003	0.0
Bear_24_004	0.0001444669170759896
Bear_24_005	0.0
Bear_24_007	0.0
Bear_24_008	0.0
Bear_24_009	0.0
Bear_24_012	0.0
Bear_24_013	0.0
Bear_24_014	0.0
Bear_24_015	0.0
Bear_24_016	0.0001409046075806679
Bear_24_017	0.0
Bear_24_018	0.0
Bear_24_019	0.0
Bear_24_020	0.0
Bear_24_021	0.0
Bear_24_022	0.0
Bear_24_023	0.0
Bear_24_024	0.0
Bear_24_025	0.0
Bear_24_027	0.0
Bear_24_028	0.0
Bear_24_029	0.0
Bear_24_030	0.0
Bear_24_031_1	0.00014074595355383532
Bear_24_031	0.0
Bear_24_032_1	0.0
Bear_24_032	0.0
Bear_24_033_1	0.0
Bear_24_033	0.0
Bear_24_034_1	0.0
Bear_24_034	0.0
Bear_24_035_1	0.0001406271972999578
Bear_24_035	0.0
Bear_24_036_1	0.0
Bear_24_036	0.0
Bear_24_037_1	0.0
Bear_24_037	0.0
Bear_24_038_1	0.000149947518368571
Bear_24_038	0.0
Bear_24_039	0.0
Bear_24_040	0.0
Bear_24_041	0.0
Bear_24_042	0.0
Bear_24_043	0.0
Bear_24_044	0.0
Bear_24_045	0.0
Bear_24_046	0.0
Bear_24_047	0.0
Bear_24_048	0.00014808233377758035
Bear_24_049	0.0
Bear_24_050	0.0
Bear_24_051	0.0
Bear_24_052	0.0
Bear_24_053	0.0
Bear_24_054	0.0
Bear_24_055	0.0
Bear_24_056	0.0001485001485001485
Bear_24_057	0.0
Bear_24_058	0.0
Bear_24_059	0.0
Bear_24_060	0.0
Bear_24_061	0.0
Bear_24_062	0.0
Bear_24_063	0.0
Bear_24_064	0.0
Bear_24_065	0.0
Bear_24_066	0.0
Bear_24_067	0.0
Bear_24_068	0.0
Bear_24_069	0.0
Bear_24_070	0.00014287755393627662
Bear_24_071	0.0
Bear_24_072	0.0
Bear_24_073	0.0
Bear_24_074	0.0
Bear_24_075	0.0
Bear_24_076	0.0
Bear_24_077	0.0001404297149276787
Bear_24_078	0.0001408649105507818
Bear_24_079	0.0
Bear_24_080	0.0
Bear_24_081	0.0
Bear_24_082	0.0
Bear_24_083	0.0
Bear_24_084	0.0
Bear_24_086	0.0
Bear_24_087	0.0
Bear_24_088	0.0
Bear_24_089	0.0
Bear_24_090	0.0
Bear_24_091	0.0
Bear_24_092	0.0
Bear_24_093	0.0
Bear_24_094	0.0
Bear_24_095	0.0
Bear_24_096	0.0
Bear_24_097	0.0
Bear_24_098	0.0
Bear_24_100	0.0
Bear_24_101	0.0
Bear_24_102	0.0
Bear_24_105	0.0
BearCreek_20_001	0.0002836074872376631
BearCreek_20_002	0.0
BearCreek_20_003	0.00014076576576576576
BearCreek_20_004	0.0003112356053532524
BearCreek_20_006	0.0
BearCreek_20_007	0.0
BearCreek_20_008	0.0
BearCreek_20_009	0.0
BearCreek_20_010	0.00014320492624946297
BearCreek_20_011	0.0001414827391058291
BearCreek_20_012	0.0
BearCreek_20_013	0.00015220700152207003
BearCreek_20_014	0.0001419849495953429
BearCreek_20_015	0.0
BearCreek_20_016	0.0
BearCreek_20_017	0.0
BearCreek_20_018	0.0004211708549768356
BearCreek_20_019	0.0
BearCreek_20_020	0.0
BearCreek_20_021	0.0
BearCreek_20_023	0.00014409221902017292
BearCreek_20_024	0.0
BearCreek_20_025	0.0
BearCreek_20_026	0.0
BearCreek_20_027	0.00028153153153153153
BearCreek_20_028	0.00014027212792818068
BearCreek_20_029	0.00014144271570014144
BearCreek_20_030	0.00014398848092152627
BearCreek_20_031	0.00014048890137679124
BearCreek_20_032	0.0
BearCreek_20_033	0.0001414227124876255
BearCreek_20_034	0.00014046916701783958
BearCreek_20_035	0.0
BearCreek_20_036	0.00014098406880022558
BearCreek_20_037	0.0
BearCreek_20_038	0.0
BearCreek_20_039	0.0
BearCreek_20_040	0.00014132278123233464
BearCreek_20_041	0.0
BearCreek_20_042	0.0
BearCreek_20_043	0.0
BearCreek_20_044	0.0
BearCreek_20_045	0.00014031149151115475
BearCreek_20_046	0.00014289797084881395
BearCreek_20_047	0.0
BearCreek_20_048	0.00014040999719180006
BearCreek_20_049	0.000284050560999858
BearCreek_20_050	0.0
BearCreek_20_051	0.0
BearCreek_20_052	0.0
BearCreek_20_053	0.00014156285390713478
BearCreek_20_054	0.000140805406927626
BearCreek_20_055	0.0
BearCreek_20_056	0.00028244598220590313
BearCreek_20_057	0.00014112334180073385
BearCreek_20_058	0.0
BearCreek_20_059	0.0
BearCreek_20_060	0.0
BearCreek_20_061	0.0
BearCreek_20_062	0.00014060742407199101
BearCreek_20_063	0.0
BearCreek_20_064	0.0
BearCreek_20_065	0.00014066676044450696
BearCreek_20_066	0.0001405283867341203
BearCreek_20_067	0.00028551034975017847
BearCreek_20_068	0.00014040999719180006
BearCreek_20_069	0.0
BearCreek_20_070	0.00042140750105351877
BearCreek_20_071	0.0
BearCreek_20_072	0.0
BearCreek_20_073	0.0
BearCreek_20_074	0.0
BearCreek_20_075	0.0
BearCreek_20_076	0.0
BearCreek_20_077	0.0
BearCreek_20_078	0.0
BearCreek_20_079	0.0
BearCreek_20_080	0.0
BearCreek_20_081	0.0001417635384179189
BearCreek_20_082	0.0
BearCreek_20_083	0.00019193857965451057
BearCreek_20_084	0.00016406890894175554
BearCreek_20_085	0.00042408821034775233
BearCreek_20_087	0.00014382281029771322
BearCreek_20_089	0.00014166312508853945
BearCreek_20_090	0.0002821272393849626
BearCreek_20_091	0.0
BearCreek_20_092	0.00014345144168698896
BearCreek_20_093	0.0
BearCreek_20_094	0.0
BearCreek_20_095	0.0
BearCreek_20_096	0.0
BearCreek_20_097	0.0
BearCreek_20_098	0.0
BearCreek_20_099	0.0
BearCreek_20_100	0.00014060742407199101
BearNF_23_17	0.01892465511142554
BearUp_22_01	0.0
BearUp_22_02_1	0.0
BearUp_22_02	0.0
BearUp_22_03	0.0
BearUp_22_04	0.0
BearUp_22_05	0.0
BearUp_22_06	0.0
BearUp_22_07	0.00014037057832678272
BearUp_22_08	0.0
BearUp_22_09	0.0
BearUp_22_100	0.0
BearUp_22_101	0.00014180374361883155
BearUp_22_103	0.0
BearUp_22_105	0.0
BearUp_22_106	0.0
BearUp_22_107	0.0
BearUp_22_108	0.0
BearUp_22_109	0.0
BearUp_22_10	0.0
BearUp_22_110	0.0
BearUp_22_111	0.0
BearUp_22_112	0.0
BearUp_22_113	0.0
BearUp_22_114	0.0
BearUp_22_115	0.000140331181588549
BearUp_22_116	0.0
BearUp_22_117	0.0
BearUp_22_118	0.0
BearUp_22_119	0.0
BearUp_22_11	0.0
BearUp_22_120	0.00014072614691809738
BearUp_22_121	0.0
BearUp_22_12	0.0
BearUp_22_13	0.0
BearUp_22_14	0.0
BearUp_22_15	0.0
BearUp_22_16	0.0
BearUp_22_17	0.0
BearUp_22_18	0.0
BearUp_22_19	0.00014037057832678272
BearUp_22_20	0.0
BearUp_22_21	0.0
BearUp_22_22	0.0
BearUp_22_23	0.0
BearUp_22_24	0.0
BearUp_22_25	0.0
BearUp_22_26	0.0
BearUp_22_27	0.0
BearUp_22_28	0.0
BearUp_22_29	0.0
BearUp_22_30	0.0
BearUp_22_31	0.0
BearUp_22_32	0.0
BearUp_22_33	0.0
BearUp_22_34	0.0
BearUp_22_35	0.0
BearUp_22_36	0.0
BearUp_22_37	0.0
BearUp_22_39	0.0
BearUp_22_41	0.0
BearUp_22_44	0.0
BearUp_22_45	0.0
BearUp_22_46	0.0
BearUp_22_47	0.00014039028499227853
BearUp_22_48	0.0
BearUp_22_49	0.0
BearUp_22_50	0.0
BearUp_22_51	0.0
BearUp_22_52	0.0
BearUp_22_54	0.0
BearUp_22_55	0.0
BearUp_22_56	0.0
BearUp_22_59	0.0
BearUp_22_60	0.0
BearUp_22_61	0.0
BearUp_22_62	0.0
BearUp_22_63	0.0
BearUp_22_64	0.0
BearUp_22_65	0.0
BearUp_22_66	0.0
BearUp_22_67	0.0
BearUp_22_68	0.0
BearUp_22_69	0.0
BearUp_22_70	0.0
BearUp_22_71	0.0
BearUp_22_72	0.0
BearUp_22_73	0.00014283673760891302
BearUp_22_74	0.0
BearUp_22_75	0.0
BearUp_22_77	0.0
BearUp_22_78	0.0
BearUp_22_80	0.00014132278123233464
BearUp_22_81	0.0
BearUp_22_82	0.0
BearUp_22_83	0.0
BearUp_22_84	0.0
BearUp_22_85	0.0
BearUp_22_86	0.00014132278123233464
BearUp_22_87	0.0
BearUp_22_88	0.0
BearUp_22_89	0.0
BearUp_22_90	0.0
BearUp_22_91	0.0
BearUp_22_92	0.0
BearUp_22_93	0.0
BearUp_22_94	0.0
BearUp_22_95	0.0
BearUp_22_96	0.0
BearUp_22_97	0.0
BearUp_22_98	0.0
BearUp_22_99	0.0
Beetle_23_421	0.0
Beetle_23_422	0.0
Beetle_23_423	0.0
Beetle_23_424	0.0
Beetle_23_425	0.0
Beetle_23_426	0.0
Beetle_23_427	0.0
Beetle_23_428	0.0
Beetle_23_429	0.0
Beetle_23_430	0.0
Beetle_23_431	0.0
Beetle_23_432	0.0
Beetle_23_433	0.0
Beetle_23_434	0.0
Beetle_23_435	0.0
Beetle_23_436	0.0
Beetle_23_437	0.00014126289023873428
Beetle_23_438	0.0
Beetle_23_439	0.0
Beetle_23_440	0.0
Beetle_23_441	0.0
Beetle_23_442	0.0
Beetle_23_443	0.0
Beetle_23_444	0.0005708577137148566
Beetle_23_445	0.0
Beetle_23_446	0.0
Beetle_23_447	0.0
Beetle_23_448	0.0
Beetle_23_449	0.00014170327334561429
Beetle_23_450	0.0
Berry_04_124	0.0011621150493898896
BF_03_243	0.0007137758743754461
BigTimber10_43	0.031259720062208396
BigTimber10_44	0.013363989078890645
BigTimber10_45	0.06519529548424569
BigTimber10_46	0.025878270926702328
Bobtail_11_232	0.0
Bobtail_11_240	0.004519774011299435
Bram_17_01	0.0
Bram_17_02	0.0004492362982929021
Bram_17_03	0.0
Bram_17_04	0.0001484560570071259
Bram_17_05	0.0
Bram_17_06	0.0
Bram_17_07	0.0
Bram_17_08	0.0
Bram_17_09	0.0
Bram_17_10	0.0
Bram_17_11	0.0
Bram_17_12	0.0
Bram_17_13	0.0004330254041570439
Bram_17_14	0.0
Bram_17_15	0.00043091065785693766
Bram_17_16	0.0
Bram_17_17	0.0
Bram_17_18	0.0
Bram_17_19	0.0
Bram_17_20	0.0
Bram_17_21	0.0
Bram_17_22	0.00014547570555717196
Bram_17_23	0.0
Bram_17_24	0.0
Bram_17_25	0.0
Bram_17_26	0.0
Bram_17_27	0.0
Bram_17_28	0.0
Bram_17_29	0.0
Bram_17_30	0.0
BRAM_19_01	0.15723072070651317
BRAM_19_02	0.14982728842832468
BRAM_19_03	0.1250585480093677
BRAM_19_04	0.18091393974340492
BRAM_19_05	0.20395211308235972
BRAM_19_06	0.17647924639387694
BRAM_19_07	0.1421897810218978
BRAM_19_08	0.1280674846625767
BRAM_19_09	0.11649933699564312
BRAM_19_10	0.15387994143484626
BRAM_19_11	0.13154069767441862
BRAM_19_12	0.13728344737225215
BRAM_19_13	0.15849522047486894
BRAM_19_14	0.12321086026265309
BRAM_19_15	0.10863949483352468
BRAM_19_16	0.15038691779821872
BRAM_19_17	0.12172573189522343
BRAM_19_18	0.1923298731257209
BRAM_19_19	0.17001723147616313
BRAM_19_20	0.1667152009318579
BRAM_19_21	0.1526029526029526
BRAM_19_22	0.11070595099183198
BRAM_19_23	0.12748946067742403
BRAM_19_24	0.13010519801980197
BRAM_19_25	0.1198463129895079
BRAM_19_26	0.18338993516517443
BRAM_19_27	0.1952456877808378
BRAM_19_28	0.16169658367110595
BRAM_19_29	0.2007063882063882
BRAM_19_30	0.1450566037735849
BULL1_07_03_1	0.0
BULL1_07_03	0.0
BULL1_07_04	0.000141622999575131
BULL1_07_05_1	0.00043072505384063173
BULL1_07_05	0.00015264845061822624
BULL1_07_06_1	0.0
BULL1_07_06	0.0
BULL1_07_07_1	0.0
BULL1_07_07	0.0
BULL1_07_08_1	0.0
BULL1_07_08	0.0
BULL1_07_09_1	0.0
BULL1_07_09	0.0
BULL1_07_10_1	0.00028129395218002813
BULL1_07_10	0.0004209344745334643
BULL1_07_14	0.0
BULL1_07_15	0.0003485535029627048
BULL1_07_16	0.00032378177108628785
BULL1_07_17	0.0
BULL1_07_18	0.0001762114537444934
BULL1_07_19	0.0004236091499576391
BullLo_15_142	0.0
BullLo_15_143	0.0
BullLo_15_144_1	0.0
BullLo_15_144	0.0
BullLo_15_145	0.0
BullLo_15_146	0.0
BullLo_15_149	0.0
BullLo_15_153	0.0001508978421608571
BullLo_15_154	0.0
BullLo_15_155	0.0
BullLo_15_157_1	0.0
BullLo_15_157	0.00015186028853454822
BullLo_15_158_1	0.0001444669170759896
BullLo_15_158	0.0004229522064006767
BullLo_15_160_1	0.0
BullLo_15_160	0.0
BullLo_15_161_1	0.0
BullLo_15_161	0.0
BullLo_15_162_1	0.0
BullLo_15_162	0.0
BullLo_15_163_1	0.0
BullLo_15_163	0.0
BunkerHill_23_301	0.0
BunkerHill_23_302	0.0
BunkerHill_23_303	0.0
BunkerHill_23_304	0.0
BunkerHill_23_305	0.0
BunkerHill_23_306	0.0
BunkerHill_23_307	0.0
BunkerHill_23_308	0.0
BunkerHill_23_309	0.0
BunkerHill_23_310	0.0
BunkerHill_23_311	0.0
BunkerHill_23_312	0.0
BunkerHill_23_313	0.00014124293785310735
BunkerHill_23_314	0.0
BunkerHill_23_315	0.0
BunkerHill_23_316	0.0
BunkerHill_23_317	0.0
BunkerHill_23_318	0.0
BunkerHill_23_319_1	0.0
BunkerHill_23_319	0.0
BunkerHill_23_320_1	0.0
BunkerHill_23_320	0.0
BunkerHill_23_321_1	0.0
BunkerHill_23_321	0.0
BunkerHill_23_322_1	0.0
BunkerHill_23_322	0.0
Burnt_23_331_1	0.0
Burnt_23_331	0.0
Burnt_23_332_1	0.0
Burnt_23_332	0.0
Burnt_23_333_1	0.00014088475626937165
Burnt_23_333	0.0
Burnt_23_334_1	0.0
Burnt_23_334	0.0
Burnt_23_335	0.0
Burnt_23_336	0.0
Burnt_23_337	0.0
Burnt_23_338	0.0
Burnt_23_339	0.0
Burnt_23_340	0.0
Burnt_23_341	0.0
Burnt_23_342	0.0
Burnt_23_343	0.0
Burnt_23_344	0.0
Burnt_23_345	0.0
Burnt_23_346	0.0
Burnt_23_348	0.0
Burnt_23_349	0.0
Burnt_23_350	0.0
Burnt_23_351	0.0
Burnt_23_352	0.0
Burnt_23_353	0.0
Burnt_23_354	0.0
Burnt_23_355	0.0
Burnt_23_356	0.0
Burnt_23_357	0.0
Burnt_23_358	0.0
Burnt_23_359	0.0
Burnt_23_360	0.0
Cable_17_421	0.0
Cable_17_422	0.0
Cable_17_423	0.0
Cable_17_424	0.0
Cable_17_425	0.0
Cable_17_427	0.0
Cable_17_428	0.0
Cable_17_429	0.0
Cable_17_430	0.00014234875444839857
Cable_17_431	0.0
Cable_17_432	0.0
Cable_17_433	0.0
Cable_17_434	0.0
Cable_17_435	0.0
Cable_17_436	0.0
Cable_17_437	0.0
Cable_17_438	0.00014669209329617132
Cable_17_439	0.0
Cable_17_440	0.0
Cable_17_441	0.0
Cable_17_443	0.0
Cable_17_444	0.0
Cable_17_445	0.0
Cable_17_446	0.0
Cable_17_447	0.0
Cable_17_448	0.00016315875346712352
Cable_17_449	0.0
Cable_17_450	0.0
Callahan17_063	0.00014289797084881395
CallahanNF_22_02	0.0004222972972972973
CallahanNF_22_04	0.00014334862385321102
CallahanNF_22_06	0.0
CallahanNF_22_07	0.0
CallahanNF_22_08	0.00015482272797646694
CallahanNF_22_10	0.0002827654460624912
CallahanNF_22_11	0.0001443001443001443
CallahanNF_22_12	0.00199033266988911
CallahanNF_22_13	0.0001487652484379649
CallahanNF_22_14	0.0004222972972972973
CallahanNF_22_15	0.0004348456298014205
CallahanNF_22_16	0.00014283673760891302
CallahanNF_22_17	0.0
CallahanNF_22_18	0.00015728216420257942
CallahanNF_22_19	0.000566491998300524
CallahanNF_22_20	0.0
CallahanNF_22_21	0.00014448779078167894
CallahanNF_22_22	0.10558233556212097
CallahanNF_22_23	0.0
CallahanNF_22_24	0.00014524328249818446
CallahanNF_22_25	0.0005792064871126556
CallahanNF_22_26	0.00014363688595231256
CallahanNF_22_27	0.0
CallahanNF_22_28	0.0002893099956603501
CallahanNF_22_29	0.0
CallahanNF_22_30	0.00014660606949127694
CallahanSF_22_01	0.0
CallahanSF_22_02_1	0.0
CallahanSF_22_02	0.0
CallahanSF_22_03	0.0004213483146067416
CallahanSF_22_04	0.0001414027149321267
CallahanSF_22_05	0.00014158289678606824
CallahanSF_22_06	0.00028308563340410475
CallahanSF_22_07	0.0002838489923360772
CallahanSF_22_08	0.0001409046075806679
CallahanSF_22_09	0.0
CallahanSF_22_10	0.0
CallahanSF_22_11	0.0
CallahanSF_22_12	0.00028093833403567916
CallahanSF_22_13	0.00042265426880811494
CallahanSF_22_14	0.00014058765640376775
CallahanSF_22_15	0.0002858776443682104
CallahanSF_22_16	0.00014068655036578504
CallahanSF_22_17	0.000282845424975251
CallahanSF_22_18	0.00014369880729989942
CallahanSF_22_19	0.0
CallahanSF_22_20	0.0004220596510973551
CallahanSF_22_21	0.0001407063458561981
CallahanSF_22_23	0.0001406271972999578
CallahanSF_22_24	0.00014374011786689664
CallahanSF_22_25	0.0
CallahanSF_22_26	0.0
CallahanSF_22_27_1	0.0001417635384179189
CallahanSF_22_27	0.0001411631846414455
CallahanSF_22_28	0.002107629619221582
CallahanSF_22_29	0.0002815711671124877
CallahanSF_22_30	0.00014094432699083862
Cascade_03_524	0.000143184421534937
CedarCreek_20_001	0.017826825127334467
CedarCreek_20_001_R	0.01673121611154144
CedarCreek_20_002	0.006745362563237774
CedarCreek_20_003	0.010679196924391286
CedarCreek_20_004	0.026923076923076925
CedarCreek_20_005	0.00127750177430802
CedarCreek_20_006	0.0022656471254602095
CedarCreek_20_007	0.0021117837533436577
CedarCreek_20_008	0.010463800904977375
CedarCreek_20_009	0.0016849199663016006
CedarCreek_20_010	0.00044260843906757157
CedarCreek_20_011	0.0006619228859837829
CedarCreek_20_012	0.0010076291924571758
CedarCreek_20_013	0.00016100466913540493
CedarCreek_20_014	0.0193039312385515
CedarCreek_20_015	0.017238838956829233
CedarCreek_20_016	0.0006541291905151267
CedarCreek_20_017	0.006923837784371909
CedarCreek_20_018	0.017063883796361586
CedarCreek_20_019	0.002835270768358378
CedarCreek_20_020	0.0015545505935556812
CedarCreek_20_021	0.0005911912503694946
CedarCreek_20_022	0.0026798307475317347
CedarCreek_20_023	0.0042235675066873155
CedarCreek_20_024	0.0010067596720839925
CedarCreek_20_025	0.002260844990815317
CedarCreek_20_026	0.0023058077532785706
CedarCreek_20_027	0.016547788873038517
CedarCreek_20_028	0.0008550662676357417
CedarCreek_20_030	0.0007334604664808567
CedarCreek_20_031	0.006773787019533711
CedarCreek_20_032	0.0020554984583761563
CedarCreek_20_033	0.0031285551763367463
CedarCreek_20_034	0.004081632653061225
CedarCreek_20_035	0.003807643491750106
CedarCreek_20_036	0.0026633522727272725
CedarCreek_20_037	0.0026650873556411016
CedarCreek_20_038	0.0008511845651865513
CedarCreek_20_039	0.016013726050900772
CedarCreek_20_040	0.004665379665379665
CedarCreek_20_041	0.001007919366450684
CedarCreek_20_042	0.003696332101222633
CedarCreek_20_043	0.0036900369003690036
CedarCreek_20_044	0.0018642224638806897
CedarCreek_20_045	0.01001717229536348
CedarCreek_20_046	0.0028308563340410475
CedarCreek_20_047	0.0007161271841879118
CedarCreek_20_048	0.005869720830350752
CedarCreek_20_049	0.004361283061339336
CedarCreek_20_050	0.00440153343745563
CedarCreek_20_051	0.004075895994378074
CedarCreek_20_052	0.0009863322530646753
CedarCreek_20_053	0.0012156998957971517
CedarCreek_20_054	0.0016742770167427702
CedarCreek_20_055	0.0008841732979664014
CedarCreek_20_056	0.0005633009435290804
CedarCreek_20_057	0.025084554678692222
CedarCreek_20_058	0.017942921729302064
CedarCreek_20_059	0.004811093816329419
CedarCreek_20_060	0.00735918482875743
CedarCreek_20_061	0.0015571913929784825
CedarCreek_20_062	0.0015488594762038863
CedarCreek_20_063	0.00539044289044289
CedarCreek_20_064	0.0025355683899140726
CedarCreek_20_065	0.001122649452708392
CedarCreek_20_066	0.007763975155279503
CedarCreek_20_067	0.0011349127535820683
CedarCreek_20_068	0.004590446133983647
CedarCreek_20_069	0.004284490145672665
CedarCreek_20_070	0.001966844619275077
CedarCreek_20_071	0.0004237886707162029
CedarCreek_20_072	0.0012656447756996202
CedarCreek_20_073	0.0022701475595913734
CedarCreek_20_074	0.0011394388263780088
CedarCreek_20_075	0.0018286678857785904
CedarCreek_20_076	0.009439278670047901
CedarCreek_20_077	0.008957770510450732
CedarCreek_20_078	0.009995776432493313
CedarCreek_20_079	0.005203206300098439
CedarCreek_20_080	0.001972942502818489
CedarCreek_20_081	0.0015429934072099874
CedarCreek_20_082	0.006753904601097509
CedarCreek_20_083	0.00408738548273432
CedarCreek_20_084	0.005960828839057622
CedarCreek_20_085	0.00861825374399548
CedarCreek_20_086	0.009023024268823895
CedarCreek_20_087	0.014092446448703494
CedarCreek_20_088	0.006437454279444038
CedarCreek_20_089	0.0026931254429482638
CedarCreek_20_090	0.00495346742719904
CedarCreek_20_091	0.000846740050804403
CedarCreek_20_092	0.0031718569780853517
CedarCreek_20_093	0.008608523849844764
CedarCreek_20_094	0.0009849444209933868
CedarCreek_20_094_R	0.000449707690001499
CedarCreek_20_095	0.0007032348804500703
CedarCreek_20_096	0.000992063492063492
CedarCreek_20_097	0.0012899527017342697
CedarCreek_20_098	0.0030916245081506464
CedarCreek_20_099	0.0014212620807276862
CedarCreek_20_100	0.0005938242280285036
CedarCreek_20_101	0.0007069136151562279
CedarCreek_20_102	0.0012724445072812103
CedarCreek_20_103	0.000722334585379948
CedarCreek_20_104	0.0008846947803007962
CedarCreek_20_105	0.001276776847779827
CedarCreek_20_106	0.00172885751332661
CedarCreek_20_107	0.0004269854824935952
CedarCreek_20_108	0.00044822949350067237
CedarCreek_20_109	0.0004536518977771057
CedarCreek_20_110	0.004519774011299435
CedarCreek_20_111	0.00042164441321152494
CedarCreek_20_112	0.0008519096975720574
CedarCreek_20_113	0.001272984441301273
CedarCreek_20_114	0.0008656759486365604
CedarCreek_20_115	0.00042235675066873153
CedarCreek_20_116	0.0007240081088908196
CedarCreek_20_117	0.00029321213898255387
CedarCreek_20_118	0.0007056167090036692
CedarCreek_20_119	0.003666619658722324
CedarCreek_20_120	0.004795486600846262
CFE_20_03	0.0021046301864101023
CFE_20_15	0.001224739742804654
CFE_20_20	0.0005781182251770487
CFE_20_21	0.0007724393635099645
CFE_20_27	0.0005805515239477503
CH_19_1130	0.0
CHA41_22_03	0.000282845424975251
CHA41_22_08	0.0005617188597107148
CHA41_22_09	0.0005618766680713583
CHA41_22_10	0.0001406271972999578
Chippy_20_542	0.001403705783267827
Chippy_20_573	0.0018286678857785904
Chippy_20_577	0.0015492957746478873
Chippy_20_596	0.0023953783288713543
CO_18_0710	0.0006304176516942475
CO_19_1124	0.0004269854824935952
CodyMid_21_01	0.0007067137809187279
CodyMid_21_02	0.00042426813746287653
CodyMid_21_03	0.002542372881355932
CodyMid_21_04	0.007564736688972942
CodyMid_21_05	0.0007069136151562279
CodyMid_21_07	0.000998003992015968
CodyMid_21_08	0.0013844023996308261
CodyMid_21_09	0.0012695725772323319
CodyMid_21_10	0.0028252578047746855
CodyMid_21_11	0.00028252578047746857
CR2	0.0005624296962879641
CR_NA_01	0.00018426386585590566
CR_NA_02	0.00028514399771884804
Crooked_16_13	0.0
Crooked_16_42	0.0001667778519012675
D107_14_05	0.0
D107_14_06	0.0
D107_14_07	0.0
D107_14_08	0.0
D107_14_09	0.0
D107_14_11	0.0
D107_14_16	0.0
D107_14_17	0.0001405283867341203
D107_14_18	0.0
D107_14_19	0.0
D107_14_21	0.0001404494382022472
D107_14_22	0.0
D107_14_24	0.0002824060999717594
D126_14_02	0.0
D126_14_04	0.0
D126_14_09	0.0
D129_14_01	0.0
D129_14_02	0.00014072614691809738
Dam_11_03	0.0001415227851684121
Dam_11_04	0.0035805626598465474
Dam_11_05	0.001840577658218887
Dam_11_06	0.0033783783783783786
Dam_11_07	0.001124543154343548
Dam_11_09	0.0015708451146716933
Dam_11_10	0.007567104511707595
Dam_11_11	0.0011580775911986102
Dam_11_12	0.0008823010411152286
Dam_11_13	0.0007523322299127295
Dam_11_14	0.001129464915996047
Dam_11_15	0.0007042253521126761
Dam_11_16	0.0001406271972999578
Dam_11_17	0.02558303886925795
Dam_11_19	0.001687051876845213
Dam_11_20	0.0032438808611029196
Dam_11_21	0.011161697752974004
Dam_11_22	0.0007544892108042855
Dam_11_23	0.0009441384736428009
Dam_11_24	0.0011278725504018047
Dam_11_25	0.0014310246136233543
Dam_11_26	0.001984689537850865
Dam_11_27	0.0015633882888004549
Dam_11_28	0.0005868544600938967
Dam_11_29	0.0008423417099536712
DeathC_04_284	0.0
Deep_20_07	0.0
DocUWH06_22_03	0.00014046916701783958
DocUWH06_22_05	0.0
DocUWH06_22_06	0.00014039028499227853
DocUWH10_22_36	0.0
DocUWH10_22_37	0.0
DocW84_12_01	0.00014088475626937165
DocW84_12_02	0.0001408649105507818
DocW84_12_03	0.00028129395218002813
DocW84_12_04	0.0002811753128075355
Dunn_11_003	0.0011927836588638736
Dunn_11_004	0.001992642550582465
Dunn_11_006	0.0010415116798095521
Dunn_11_009	0.001646460110761862
Dunn_11_011	0.0016462137084705178
Dunn_11_012	0.0004616805170821791
Dunn_11_013	0.0017587571449509014
Dunn_11_016	0.0006151953245155337
Dunn_11_022	0.0005085607730123749
Dunn_11_025	0.001582528881152081
Dunn_11_026	0.0005947660586835844
Dunn_11_027	0.001199580146948568
Dunn_11_028	0.0007320644216691069
Dunn_11_029	0.001044308518573773
Dunn_11_030	0.0017779533781114183
Dunn_11_031	0.0013942680092951202
Dunn_11_032	0.0011945647304763326
EC1_21_04	0.0
EC1_21_39	0.0
EC1_21_40	0.0
EC1_21_41	0.0
EC1_21_50	0.00014234875444839857
EC1_21_51	0.0
EC1_21_52	0.00014146272457207527
EC1_21_53	0.0
EC1_21_65	0.0
EC1_21_88	0.00014194464158978
EC2_21_05	0.00014146272457207527
EC2_21_25	0.00014363688595231256
EC2_21_27	0.0
EC2_21_35	0.0
EForkYaak_20_001	0.0
EForkYaak_20_002	0.0
EForkYaak_20_003	0.00014037057832678272
EForkYaak_20_004	0.0
EForkYaak_20_005	0.0
EForkYaak_20_006	0.0
EForkYaak_20_007	0.0
EForkYaak_20_008	0.00014039028499227853
EForkYaak_20_009	0.0
EForkYaak_20_010	0.0
EForkYaak_20_011	0.00014549687181725592
EForkYaak_20_012	0.0
EForkYaak_20_013	0.0
EForkYaak_20_014	0.0
EForkYaak_20_015	0.0
EForkYaak_20_016	0.0
EForkYaak_20_017	0.0
EForkYaak_20_018	0.0
EForkYaak_20_019	0.0
EForkYaak_20_020	0.00014174344436569808
EForkYaak_20_021	0.0
EForkYaak_20_022	0.0
EForkYaak_20_023	0.000143143429716576
EForkYaak_20_024	0.0
EForkYaak_20_025	0.0
EForkYaak_20_026	0.0001406271972999578
EForkYaak_20_027	0.0
EForkYaak_20_028	0.0
EForkYaak_20_029	0.0
EForkYaak_20_030	0.0
EForkYaak_20_031	0.0
EForkYaak_20_032	0.0
EForkYaak_20_033	0.0
EForkYaak_20_034	0.0
EForkYaak_20_035	0.0
EForkYaak_20_036	0.0
EForkYaak_20_037	0.0
EForkYaak_20_038	0.00014291839359725596
EForkYaak_20_039	0.0
EForkYaak_20_040	0.0
EForkYaak_20_041	0.0
EForkYaak_20_042	0.0
EForkYaak_20_043	0.0
EForkYaak_20_044	0.0
EForkYaak_20_045	0.0
EForkYaak_20_046	0.0
EForkYaak_20_047	0.0
EForkYaak_20_048	0.0
EForkYaak_20_049	0.0
EForkYaak_20_050	0.00014118311449950587
EForkYaak_20_051	0.00014196479273140261
EForkYaak_20_052	0.0
EForkYaak_20_053	0.0
EForkYaak_20_054	0.0
EForkYaak_20_055	0.0
EForkYaak_20_056	0.0
EForkYaak_20_057	0.0
EForkYaak_20_058	0.0
EForkYaak_20_059	0.0
EForkYaak_20_060	0.0001413627367825841
EForkYaak_20_061	0.0
EForkYaak_20_062	0.0
EForkYaak_20_063	0.0001408649105507818
EForkYaak_20_064	0.0
EForkYaak_20_065	0.00014363688595231256
EForkYaak_20_066	0.0
EForkYaak_20_067	0.0
EForkYaak_20_068	0.0
EForkYaak_20_069	0.0
EForkYaak_20_070	0.0
EForkYaak_20_071	0.0
EForkYaak_20_072	0.0
EForkYaak_20_073	0.0
EForkYaak_20_074	0.0
EForkYaak_20_075	0.0
EForkYaak_20_076	0.0
EForkYaak_20_077	0.0
EForkYaak_20_078	0.0
EForkYaak_20_079	0.0
EForkYaak_20_080	0.0
EForkYaak_20_081	0.0
EForkYaak_20_082	0.0
EForkYaak_20_083	0.0001416029453412631
EForkYaak_20_084	0.0
EForkYaak_20_085	0.0
EForkYaak_20_086	0.0
EForkYaak_20_087	0.0
EForkYaak_20_088	0.0
EForkYaak_20_089	0.0
EForkYaak_20_090	0.0
EForkYaak_20_091	0.0
EForkYaak_20_092	0.0002843332385555871
EForkYaak_20_093	0.0
EForkYaak_20_094	0.0
EForkYaak_20_095	0.0001479727730097662
EForkYaak_20_096	0.0
EForkYaak_20_097	0.0
EForkYaak_20_098	0.0
EForkYaak_20_099	0.0
EForkYaak_20_100	0.0
EForkYaak_20_101	0.0
EFYaak17_275_09	0.0
EFYaak17_275_10	0.0
EFYaak17_275_11	0.0
EFYaak17_275_13	0.0
EFYaak_17_275	0.0
EFYaak_20_085	0.0
EFYaak_21_001	0.0
EFYaak_21_002	0.0
EFYaak_21_003	0.0
EFYaak_21_004	0.0001441753171856978
EFYaak_21_005	0.0
EFYaak_21_006	0.00014114326040931546
EFYaak_21_007	0.0
EFYaak_21_008	0.00014072614691809738
EFYaak_21_009	0.00014031149151115475
EFYaak_21_010	0.0
EFYaak_21_011	0.0
EFYaak_21_012	0.0
EFYaak_21_013	0.0
EFYaak_21_014	0.0
EFYaak_21_015	0.0
EFYaak_21_016	0.0
EFYaak_21_017	0.0
EFYaak_21_018	0.000140548137737175
EFYaak_21_019	0.00028252578047746857
EFYaak_21_020	0.0
EFYaak_21_021	0.0
EFYaak_21_022	0.0
EFYaak_21_023	0.0
EFYaak_21_024	0.0
EFYaak_21_025	0.0
EFYaak_21_026	0.00014068655036578504
EFYaak_21_027	0.0001404297149276787
EFYaak_21_028	0.0001405086412814388
EFYaak_21_029	0.0001426126640045636
EFYaak_21_030	0.0
EFYaak_21_031	0.0
EFYaak_21_032	0.0
EFYaak_21_033	0.0
EFYaak_21_034	0.0
EFYaak_21_035	0.0
EFYaak_21_036	0.0
EFYaak_21_037	0.0
EFYaak_21_038	0.0
EFYaak_21_039	0.0
EFYaak_21_040	0.0
EFYaak_21_041	0.0
EFYaak_21_042	0.0
EFYaak_21_043	0.0
EFYaak_21_044	0.0
EFYaak_21_045	0.0
EFYaak_21_046	0.0001409046075806679
EFYaak_21_047	0.0
EFYaak_21_048	0.0
EFYaak_21_049	0.0
EFYaak_21_050	0.00028169014084507044
EFYaak_21_051	0.0
EFYaak_21_052	0.0
EFYaak_21_053	0.0
EFYaak_21_054_1	0.0
EFYaak_21_055	0.0
EFYaak_21_056	0.0
EFYaak_21_057	0.0001410039481105471
EFYaak_21_058	0.0
EFYaak_21_059	0.0
EFYaak_21_060	0.0
EFYaak_21_061	0.0
EFYaak_21_062	0.0
EFYaak_21_063	0.0
EFYaak_21_064	0.0
EFYaak_21_065	0.00014021312394840157
EFYaak_21_066	0.0
EFYaak_21_067	0.0
EFYaak_21_068	0.0
EFYaak_21_070	0.0
EFYaak_21_071	0.0
EFYaak_21_072	0.0
EFYaak_21_073	0.0
EFYaak_21_075	0.0
EFYaak_21_076	0.00014222727919214906
EFYaak_21_077	0.0
EFYaak_21_078	0.0
EFYaak_21_079	0.0
EFYaak_21_080	0.0
EFYaak_21_081	0.0
EFYaak_21_082	0.0
EFYaak_21_083	0.0
EFYaak_21_084	0.00014634860237084735
EFYaak_21_085	0.00014371945961483184
EFYaak_21_086	0.0
EFYaak_21_087	0.0
EFYaak_21_088	0.0
EFYaak_21_089	0.0
EFYaak_21_090	0.0
EFYaak_21_091	0.0
EFYaak_21_092	0.00014777597162701344
EFYaak_21_093	0.00014128284826222097
EFYaak_21_094	0.0
EFYaak_21_095	0.00014066676044450696
EFYaak_21_096	0.00014060742407199101
EFYaak_21_097	0.0
EFYaak_21_098	0.0
EFYaak_21_099	0.0
EFYaak_21_100	0.0
EFYaak_21_101	0.0
EFYaak_21_102	0.0
EFYaak_21_103	0.00014232849416453175
EFYaak_21_104	0.0
EFYaak_21_105	0.0
EFYaak_21_106	0.0
EFYaak_21_107	0.0
EFYaak_21_108	0.0
EFYaak_21_109	0.0
EFYaak_21_110	0.0
EFYaak_21_111	0.0
EFYaak_22_001_1	0.0
EFYaak_22_001	0.0
EFYaak_22_002	0.0
EFYaak_22_003	0.0
EFYaak_22_004	0.0
EFYaak_22_005	0.00014457134595923088
EFYaak_22_006	0.0
EFYaak_22_008	0.0
EFYaak_22_009	0.0
EFYaak_22_010	0.0
EFYaak_22_012	0.0
EFYaak_22_013	0.0
EFYaak_22_014	0.0
EFYaak_22_015	0.0
EFYaak_22_016	0.0
EFYaak_22_017	0.0
EFYaak_22_018	0.0
EFYaak_22_019	0.0
EFYaak_22_020	0.00014064697609001407
EFYaak_22_021	0.0
EFYaak_22_022	0.0
EFYaak_22_023	0.0
EFYaak_22_024	0.0
EFYaak_22_025	0.0
EFYaak_22_026	0.0
EFYaak_22_027	0.0
EFYaak_22_028	0.0
EFYaak_22_029	0.0
EFYaak_22_030	0.0
EFYaak_22_031	0.0
EFYaak_22_032	0.0
EFYaak_22_033	0.0
EFYaak_22_035	0.00014035087719298245
EFYaak_22_036	0.0
EFYaak_22_037	0.0
EFYaak_22_038	0.0001408649105507818
EFYaak_22_039	0.0
EFYaak_22_040	0.0
EFYaak_22_041	0.0
EFYaak_22_042	0.0
EFYaak_22_043	0.00014182385477237272
EFYaak_22_044	0.0
EFYaak_22_045	0.0
EFYaak_22_046	0.0
EFYaak_22_047	0.0
EFYaak_22_048	0.0
EFYaak_22_049	0.0
EFYaak_22_050	0.0
EFYaak_22_051	0.0001622849724115547
EFYaak_22_052	0.0
EFYaak_22_054	0.00014338973329509606
EFYaak_22_055	0.0
EFYaak_22_056	0.0
EFYaak_22_057	0.0004042854255104103
EFYaak_22_058	0.0
EFYaak_22_059	0.0
EFYaak_22_060	0.0
EFYaak_22_062	0.0
EFYaak_22_063	0.0
EFYaak_22_064	0.0
EFYaak_22_065	0.0
EFYaak_22_066	0.0
EFYaak_22_067	0.0
EFYaak_22_068	0.0
EFYaak_22_070	0.00014146272457207527
EFYaak_22_072	0.00014940983116689077
EFYaak_22_075	0.0
EFYaak_22_076	0.0
EFYaak_22_077	0.0
EFYaak_22_078	0.0
EFYaak_22_079	0.0
EFYaak_22_080	0.0
EFYaak_22_081	0.0
EFYaak_22_083	0.0
EFYaak_22_086	0.0
EFYaak_22_088	0.0
EFYaak_22_089	0.0
EFYaak_22_090	0.0
EFYaak_22_091	0.0
EFYaak_22_092	0.0
EFYaak_22_094	0.0
EFYaak_22_095	0.0
EFYaak_22_096	0.0
EFYaak_22_097	0.0
EFYaak_22_098	0.0
EFYaak_22_099	0.0
EFYaak_22_100	0.0
EFYaak_22_101	0.0
EFYaak_22_102	0.0
EFYaak_22_103	0.0
EFYaak_22_104	0.0
EFYaak_22_105	0.0
EFYaak_22_106	0.0
EFYaak_22_107	0.0
EFYaak_22_108	0.0
EFYaak_22_109	0.0
EFYaak_22_111	0.0
EFYaak_22_112	0.0
EFYaak_22_113	0.0
EFYaak_22_114	0.0
EFYaak_22_116	0.0
EFYaak_22_117	0.0001407063458561981
EFYaak_22_118	0.0
EFYaak_22_119	0.0001443209698369173
EFYaak_22_120	0.0
EFYaak_22_121	0.0
EFYaak_22_122	0.0
EFYaak_22_123	0.0
EFYaak_22_124	0.0001484560570071259
EFYaak_22_125	0.0
EFYaak_22_126	0.0
EFYaak_24_001	0.0
EFYaak_24_002	0.0
EFYaak_24_003	0.0
EFYaak_24_004	0.0
EFYaak_24_005	0.00014186409419775854
EFYaak_24_006	0.0
EFYaak_24_007	0.0
EFYaak_24_008	0.0
EFYaak_24_009	0.0
EFYaak_24_010	0.0
EFYaak_24_011	0.0
EFYaak_24_012	0.0
EFYaak_24_013	0.0
EFYaak_24_014	0.00014905351021016544
EFYaak_24_015	0.0
EFYaak_24_016	0.0
EFYaak_24_017	0.0
EFYaak_24_018	0.0
EFYaak_24_019	0.0
EFYaak_24_020	0.0
EFYaak_24_021	0.0
EFYaak_24_022	0.0
EFYaak_24_023	0.0
EFYaak_24_024	0.0
EFYaak_24_025	0.0
EFYaak_24_026	0.0
EFYaak_24_027	0.0
EFYaak_24_028	0.0
EFYaak_24_029	0.0
EFYaak_24_030	0.0
EFYaak_24_031	0.0
EFYaak_24_032	0.0
EFYaak_24_033	0.0001558117793705204
EFYaak_24_034	0.00016342539630658605
EFYaak_24_035	0.0
EFYaak_24_036	0.0
EFYaak_24_037	0.0
EFYaak_24_038	0.0
EFYaak_24_039	0.0
EFYaak_24_040	0.0
EFYaak_24_041	0.0
EFYaak_24_042	0.00014066676044450696
EFYaak_24_043	0.0
EFYaak_24_044	0.0
EFYaak_24_045	0.0
EFYaak_24_046	0.0
EFYaak_24_047	0.0
EFYaak_24_048	0.0
EFYaak_24_049	0.0
EFYaak_24_050	0.0
EFYaak_24_051	0.0
EFYaak_24_052	0.0
EFYaak_24_053	0.00014486455164421265
EFYaak_24_054	0.0
EFYaak_24_055	0.0
EFYaak_24_056	0.0
EFYaak_24_057	0.00014039028499227853
EFYaak_24_058	0.0
EFYaak_24_059	0.0
EFYaak_24_060	0.0
EFYaak_24_061	0.0
EFYaak_24_062	0.0
EFYaak_24_063	0.0
EFYaak_24_064	0.0
EFYaak_24_065	0.0
EFYaak_24_066	0.0
EFYaak_24_067	0.00014019346698443852
EFYaak_24_068	0.0
EFYaak_24_070	0.0
EFYaak_24_071	0.0
EFYaak_24_072	0.0
EFYaak_24_073	0.0
EFYaak_24_075	0.0
EFYaak_24_076	0.0
EFYaak_24_077	0.00014068655036578504
EFYaak_24_078	0.0
EFYaak_24_079	0.0
EFYaak_24_080	0.0
EFYaak_24_081_1	0.0
EFYaak_24_081	0.0
EFYaak_24_082	0.0
EFYaak_24_083	0.0
EFYaak_24_084	0.0
EFYaak_24_085	0.0
EFYaak_24_086	0.0
EFYaak_24_087	0.0
EFYaak_24_088	0.00014046916701783958
EFYaak_24_089	0.0
EFYaak_24_090	0.0
EFYaak_24_091	0.0
EFYaak_24_092	0.0
EFYaak_24_093	0.0
EFYaak_24_094	0.0
EFYaak_24_095	0.0
EFYaak_24_096	0.0
EFYaak_24_097	0.0
EFYaak_24_098	0.0
EFYaak_24_099	0.0
EFYaak_24_100_1	0.0
EFYaak_24_100	0.0
EFYaak_24_101	0.0
EFYaak_24_102	0.0
EFYaak_24_103	0.0
EFYaak_24_104	0.0
EFYaak_24_105	0.0
EFYaak_24_106	0.0
EFYaak_24_107	0.0
EFYaak_24_108	0.0
EFYaak_24_109	0.0
EFYaak_24_110	0.0
EFYaak_24_111	0.0
EFYaak_24_112	0.0
ELD_21_01	0.0011182108626198084
ELD_21_02	0.0011951000896325067
ELD_21_03	0.0011976047904191617
ELD_21_04	0.0008976660682226212
ELD_21_05	0.0006647831145088915
ELD_21_06	0.0011678832116788322
ELD_21_07	0.00046189376443418013
ELD_21_08	0.000893016610108948
ELD_21_10	0.0006113403637475164
ELD_21_12	0.0004429351838181013
ELD_21_13	0.003747323340471092
ELD_21_14	0.0007336757153338225
ELD_21_15	0.0005665722379603399
ELD_21_16	0.0009010361916203634
ELD_21_17	0.0010424422933730455
ELD_21_18	0.0006360311655271108
ELD_21_19	0.0011695906432748538
ELD_21_20	0.0010214504596527069
ELD_21_21	0.0013595166163141994
ELD_21_22	0.001174053419430584
ELD_21_23	0.0021219135802469135
ELD_21_24	0.0007684032580298141
ELD_21_26	0.000743052459503641
ELD_21_27	0.0010385756676557863
ELD_21_28	0.0017452006980802793
ELD_21_29	0.0007762769756249029
ELD_21_30	0.000768521364893944
ElkLo_12_612	0.00015001500150015003
ElkLo_12_613	0.0
ElkLo_16_913	0.00028153153153153153
ElkLo_16_914	0.0
ElkLo_16_915	0.0
ElkLo_16_917	0.00014040999719180006
ElkLo_16_918	0.0
ElkLo_16_919	0.00014092446448703494
ElkLo_16_920	0.0
ElkLo_16_921	0.0
ElkLo_16_922	0.0
ElkLo_16_923	0.00028220685762664035
ElkLo_16_924	0.004227733934611048
ElkLo_16_926	0.0179479932165065
ElkLo_16_928	0.00014058765640376775
ElkLo_16_929	0.00014074595355383532
ElkLo_16_930	0.00014330753797649757
ElkLo_16_933	0.0
ElkLo_16_935	0.000141622999575131
ElkLo_16_936	0.0001407063458561981
ELR1_2004_04_1	0.0
ELR1_2004_04	0.00014110342881332017
ELR1_2004_05_1	0.0
ELR1_2004_05	0.0
ELR1_2004_08_1	0.0004211117349803481
ELR1_2004_08	0.0004211117349803481
ELR1_2004_09_1	0.0005614035087719298
ELR1_2004_09	0.0005614035087719298
ELR1_2004_11_1	0.000140548137737175
ELR1_2004_11	0.00014098406880022558
ELR1_2004_12_1	0.00042122999157540015
ELR1_2004_12	0.00042140750105351877
ELR1_2004_13_1	0.0
ELR1_2004_13	0.0
ELR1_2004_14_1	0.0
ELR1_2004_14	0.0
ELR1_2004_15	0.000561324726354196
ELR1_2004_16	0.0
ELR1_2004_17	0.00014029180695847364
ELR1_2004_18	0.000140548137737175
ELR1_2004_25	0.00030358227079538557
ELR1_2004_26	0.0
ELR1_2004_27	0.0
ELR1_2004_28	0.0
ERosebud_07_06	0.0004302925989672978
ERosebud_07_08	0.000430416068866571
FA_19_1198	0.0001514692517418964
FIN57_22_04	0.0002818489289740699
FIN57_22_05	0.00014130281192595732
FIN57_22_06	0.0
FIN57_22_08	0.00014146272457207527
FIN57_22_09_1	0.0001410636196924813
FIN57_22_09	0.00042319085907744394
FIN57_22_10	0.00042164441321152494
FIN57_22_11	0.00042426813746287653
FIN57_22_16	0.0002822865208186309
FIN57_22_17	0.0
FisherBW_11_138	0.0009115770282588879
FisherBW_11_147	0.0003455425017277125
FisherBW_11_148	0.00044319692716797166
FisherBW_11_149	0.0017571604287471446
FisherBW_11_150	0.0007609191903819814
FisherBW_11_151	0.0012810248198558848
FisherBW_11_153	0.0010479041916167664
FisherBW_11_154	0.00033818058843422386
FisherBW_11_155	0.00015342129487572875
FisherBW_11_156	0.00030003000300030005
FisherBW_11_157	0.0006000600060006001
FisherBW_11_158	0.0011235955056179776
FisherBW_11_159	0.0
FisherSilver_11_102	0.00015738117721120554
FisherSilver_11_104	0.0004469606674612634
FisherSilver_11_105	0.0029712776493892373
FisherSilver_11_116	0.00103397341211226
FisherSilver_11_117	0.0001636929120969062
Flat_00_81	0.0015732265446224256
Flattail_23_271	0.0
Flattail_23_272	0.0
Flattail_23_273	0.0
Flattail_23_274	0.0
Flattail_23_275	0.0
Flattail_23_276	0.0
Flattail_23_277_1	0.0
Flattail_23_277	0.0
Flattail_23_278_1	0.0
Flattail_23_278	0.000140805406927626
Flattail_23_279_1	0.0
Flattail_23_279	0.0
Flattail_23_280_1	0.0
Flattail_23_280	0.0
Flattail_23_281	0.00014114326040931546
Flattail_23_282	0.0
Flattail_23_283	0.0
Flattail_23_284	0.0
Flattail_23_285	0.0
Flattail_23_286	0.0
Fleshman_21_17	0.0
FL_NA_1078	0.000281928390188892
FL_NA_1095	0.00028188865398167724
Flow_17_451	0.00047221784983472373
Flow_17_452	0.0008789920890711983
Flow_17_453	0.001326259946949602
Flow_17_454	0.0004542013626040878
Flow_17_455	0.0010115606936416184
Flow_17_456	0.008825622775800712
Flow_17_457	0.021417797888386124
Flow_17_458	0.01069995541685243
Flow_17_459	0.003202846975088968
Flow_17_460	0.0002932551319648094
Flow_17_461	0.0005157297576070139
Flow_17_462	0.00078064012490242
Flow_17_463	0.0015982951518380393
Flow_17_465	0.0007352941176470588
Flow_17_466	0.00194232780516958
Flow_17_467	0.0005872852738217589
Flow_17_468	0.00044156608772446274
Flow_17_469	0.0005717552887364208
Flow_17_470	0.0004438526409232135
Flow_17_471	0.006530256856769699
Flow_17_472	0.0005749604714675866
Flow_17_473	0.0001478633742422002
Flow_17_474	0.000864428756663305
Flow_17_475	0.0023221098026206667
Flow_17_476	0.0006894174422612892
Flow_17_477	0.00029515938606847696
Flow_17_478	0.0009567852017222134
Flow_17_479	0.012208483330724683
Flow_17_480	0.012478816823293791
FlowerPipe_11_09	0.0011618900077459333
FlowerPipe_11_14	0.0013184881336067975
FlowerPipe_11_19	0.0002882675122513693
FlowerPipe_11_25	0.00475915777329103
FredD13_14_01	0.00029291154071470416
FredD13_14_02	0.0002810172825628776
FredD13_14_03	0.00014048890137679124
FredW54_12_01	0.0
FredW54_12_02	0.00014076576576576576
FredW54_12_03	0.0001405283867341203
FredW54_12_04	0.00014363688595231256
FredW54_12_05	0.0
FredW54_12_06	0.0004212891447830361
FredW54_12_07	0.000140548137737175
GC1_23_01	0.011678626706064444
GC1_23_02	0.0009849444209933868
GC1_23_03	0.001124701251230142
GC1_23_04	0.0003136762860727729
GC1_23_05	0.002249402502460284
GE1	0.0
GeigerLo_22_01	0.000703037120359955
GeigerLo_22_02	0.0016098346260793209
GeigerLo_22_03	0.0006015037593984962
GeigerLo_22_04	0.002563715879957774
GeigerLo_22_05	0.0005625087891998312
GeigerLo_22_06	0.0004310344827586207
GeigerLo_22_07	0.00141643059490085
GeigerLo_22_08	0.0014378145219266715
GeigerLo_22_09	0.0002841716396703609
GeigerLo_22_10	0.000995166334944555
GeigerLo_22_11	0.0005798782255726297
GeigerLo_22_12	0.0014265335235378032
GeigerLo_22_13	0.0002871500358937545
GeigerLo_22_14	0.00242787774921451
GeigerLo_22_15	0.00029171528588098014
GeigerLo_22_16	0.0002848191398461977
GeigerLo_22_17	0.0002874802357337933
GeigerLo_22_18	0.00029099374363451185
GeigerLo_22_19	0.0008539709649871904
GeigerLo_22_20	0.0020193278523005912
GeigerLo_22_21	0.000571183778380694
GeigerLo_22_22	0.0
GeigerLo_22_23	0.0010215995329830706
GeigerLo_22_24	0.0004287551807917679
GeigerLo_22_25	0.00028546959748786756
GeigerLo_22_26	0.001946690625935909
GeigerLo_22_27	0.001271725307333616
GeigerLo_22_29	0.00046853037638606906
GeigerUp_22_01	0.00014168319637291018
GeigerUp_22_02	0.0005774505557961599
GeigerUp_22_03	0.0002838087129274869
GeigerUp_22_04	0.0002850220892119139
GeigerUp_22_05	0.0005861664712778429
GeigerUp_22_06	0.00014078558355624384
GeigerUp_22_08	0.00042444821731748726
GeigerUp_22_09	0.0007119464616260857
GeigerUp_22_10	0.00043911007025761124
GeigerUp_22_11	0.00044014084507042255
GeigerUp_22_12	0.00033272334054233906
GeigerUp_22_13	0.0002842120221685377
GeigerUp_22_14_1	0.00028169014084507044
GeigerUp_22_14	0.0004222972972972973
GeigerUp_22_15	0.0
GeigerUp_22_16	0.0002982848620432513
GeigerUp_22_17	0.00028595939376608524
GeigerUp_22_18	0.00015218383807639628
GeigerUp_22_19	0.0
GeigerUp_22_20	0.0007163323782234957
GeigerUp_22_21	0.0007184940364994971
GeigerUp_22_22	0.0004254715643171181
GeigerUp_22_23	0.00015337423312883436
GeigerUp_22_24	0.00028312570781426955
GeigerUp_22_25	0.0007243227582210633
GeigerUp_22_26	0.0007158196134574087
GeigerUp_22_27	0.0005686664771111743
GeigerUp_22_28	0.00042589437819420784
GeigerUp_22_29	0.0002918855808523059
GeigerUp_22_30	0.00042517006802721087
Gen_15_001	0.0
Gen_15_003	0.00034494653328734045
Gen_15_004	0.0
Gen_15_006	0.00028690288337397793
Gen_15_008	0.0
Gen_15_009	0.0
Gen_15_010	0.0004230714990833451
Gen_15_012	0.0001410238330277817
Gen_15_013	0.0
Gen_15_014	0.0002824858757062147
Gen_15_015	0.0
Gen_15_017	0.0
Gen_15_018	0.0
Gen_15_019	0.00014108352144469525
Gen_15_020	0.0
Gen_15_021	0.00042253521126760566
Gen_15_024	0.0
Gen_15_025	0.0002837281883955171
GE_NA_01	0.0
GOC1_03_03_1	0.0
GOC1_03_03	0.0
GOC1_03_04_1	0.0
GOC1_03_04	0.0
GOC1_03_05_1	0.0
GOC1_03_05	0.0
GOC1_03_06_1	0.0
GOC1_03_06	0.0
GOC1_03_08_1	0.0
GOC1_03_08	0.00014382281029771322
GOC1_03_09_1	0.0
GOC1_03_09	0.00014367816091954023
GOC1_03_10_1	0.0
GOC1_03_10	0.0
GOC1_03_11_1	0.0
GOC1_03_11	0.0
GOC1_03_14	0.0
GOC1_03_15	0.0
GOC1_03_16	0.00028074115665356543
GOC1_03_17	0.0001562255897516013
GOC1_03_18	0.0005607738679377541
GOC1_03_20	0.0002848191398461977
GOC1_03_21	0.00099601593625498
GOC1_03_22	0.0
GoldL_16_37	0.00014094432699083862
GoldL_16_38	0.0
GoldL_16_39	0.0
GoldL_16_41	0.0003041825095057034
GoldL_16_45	0.0
GoldL_16_46	0.0
GoldL_16_48	0.0
GoldL_16_61	0.0001591596371160274
GoldL_16_63	0.00019234468166955183
GoldL_16_64	0.0
GoldL_16_65	0.0
GoldL_16_66	0.0005699088145896656
GoldL_16_68	0.00028252578047746857
GoldL_16_69	0.0
GoldL_16_70	0.0
GoldL_16_71	0.0
GoldL_16_72	0.0
GoldL_16_87	0.0
GoldL_16_95	0.0
GoldL_16_96	0.0
GR9	0.00042414816909373674
GraniteAB_19_01	0.00030376670716889426
GraniteAB_19_02	0.00028368794326241134
GraniteAB_19_03	0.00014190435646374344
GraniteAB_19_04	0.00014066676044450696
GraniteAB_19_05	0.0002822865208186309
GraniteAB_19_06	0.0001481042654028436
GraniteAB_19_07	0.0002881014116969173
GraniteAB_19_08	0.0002858367871945119
GraniteAB_19_09	0.0005676174258549738
GraniteAB_19_10	0.00014413375612568464
GraniteAB_19_11	0.0001437607820586544
GraniteAB_19_12	0.00028546959748786756
GraniteAB_19_13	0.00042283298097251583
GraniteAB_19_14	0.00014714537963507945
GraniteAB_19_15	0.0
GraniteAB_19_16	0.0002852253280091272
GraniteAB_19_17	0.0002844545583842981
GraniteAB_19_18	0.0005811419439198024
GraniteAB_19_19	0.0
GraniteAB_19_20	0.0
GraniteAB_19_21	0.0005630630630630631
GraniteAB_19_22	0.0002828854314002829
GraniteAB_19_23	0.00018341892883345562
GraniteAB_19_24	0.0
GraniteAB_19_25	0.00014775413711583924
GraniteAB_19_26	0.00028093833403567916
GraniteAB_19_27	0.0001408649105507818
GraniteAB_19_28	0.00042170368287883047
GraniteAB_19_29	0.000422237860661506
GraniteAB_19_30	0.00014088475626937165
GraniteBL_19_01	0.000140548137737175
GraniteBL_19_01_R	0.0002952901225454009
GraniteBL_19_02	0.00028042624789680314
GraniteBL_19_03	0.0002831657935721365
GraniteBL_19_04	0.0004266211604095563
GraniteBL_19_05	0.0002848597065945022
GraniteBL_19_06	0.000282326369282891
GraniteBL_19_07	0.000421822272215973
GraniteBL_19_08	0.00042058040095331557
GraniteBL_19_09	0.0005617977528089888
GraniteBL_19_10	0.00042217844075429216
GraniteBL_19_11	0.00014371945961483184
GraniteBL_19_12	0.0
GraniteBL_19_13	0.000578954986249819
GraniteBL_19_14	0.0
GraniteBL_19_15	0.0002859185132237312
GraniteBL_19_16	0.0
GraniteBL_19_17	0.0002975304968759298
GraniteBL_19_18	0.00028078056998455706
GraniteBL_19_19	0.00014092446448703494
GraniteBL_19_20	0.0
GraniteBL_19_21	0.000286000286000286
GraniteBL_19_22	0.00014048890137679124
GraniteBL_19_23	0.0
GraniteBL_19_24	0.0002874802357337933
GraniteBL_19_25	0.00014126289023873428
GraniteBL_19_26	0.00042164441321152494
GraniteBL_19_27	0.0
GraniteBL_19_28	0.0
GraniteBL_19_30	0.00028256569652444194
Greenough2_23_24	0.0014062719729995782
GreggG2_21_10	0.0
GreggG2_21_13	0.0
GreggG2_21_16	0.0
GreggG2_21_17	0.0
GreggG2_21_23	0.0
GreggG2_21_24	0.0
GreggG2_21_28	0.0
GreysR_03_2037	0.001301142113633078
Griz_20_15	0.0002820476660555634
Grizzly_23_361	0.0
Grizzly_23_362	0.0
Grizzly_23_363	0.0
Grizzly_23_364	0.0
Grizzly_23_365	0.0
Grizzly_23_366	0.0
Grizzly_23_367	0.0
Grizzly_23_368	0.0
Grizzly_23_369	0.0
Grizzly_23_370	0.0
Grizzly_23_371	0.0
Grizzly_23_372	0.000140805406927626
Grizzly_23_373	0.00014060742407199101
Grizzly_23_374	0.0
Grizzly_23_375	0.0
Grizzly_23_376	0.0
Grizzly_23_377	0.0
Grizzly_23_378	0.0
Grizzly_23_379	0.0001452011035283868
Grizzly_23_380	0.0
Grizzly_23_381	0.0
Grizzly_23_382	0.0
Grizzly_23_383	0.0
Grizzly_23_384	0.0
Grizzly_23_385	0.0
Grizzly_23_386	0.0
Grizzly_23_387	0.0
Grizzly_23_388	0.0
Grizzly_23_389	0.00014122299110295156
Grizzly_23_390	0.0
GR_NA_09	0.00028121484814398203
GR_NA_15	0.000140331181588549
GSH_22_02	0.0023205445544554454
GSH_22_03	0.0009494872768704899
GSH_22_05	0.0006258801439524331
GSH_22_06	0.0003694126339120798
GSH_22_07	0.0004683109584764284
GSH_22_08	0.0013975155279503106
GSH_22_09	0.0006454736162659351
GSH_22_10	0.0013212221304706854
GSH_22_11	0.0010807472595337347
GSH_22_12	0.0008118201006656925
GSH_22_13	0.0009010361916203634
GSH_22_14	0.0003718854592785422
GSH_22_15	0.0009760858955588092
GSH_22_16	0.0006567066163191594
GSH_22_17	0.0006187161639597834
GSH_22_18	0.000496113775425831
GSH_22_19	0.0006023189278723084
GSH_22_20	0.0009644751647645073
GSH_22_22	0.0012215605435944418
GSH_22_24	0.0003418803418803419
GSH_22_25	0.00033344448149383126
GSH_22_26	0.0007616146230007616
GSH_22_27	0.001099418878592744
GSH_22_28	0.0018909090909090909
GSH_22_29	0.001041046995835812
GSH_22_30	0.0007747133560582584
GSH_22_32	0.00047445832674363435
GSH_22_33	0.0006411283859592883
GSH_22_34	0.0008902077151335311
GSH_22_35	0.0011314350367716388
HogbackLo_03_12_22	0.0010111223458038423
HogbackUp_03_12_144	0.00043196544276457883
HoodR_93_32132	0.0016450374702979345
HoodR_93_32145	0.0015706806282722514
HoodR_93_32159	0.0005294740557712672
Howard_22_01	0.00303951367781155
Howard_22_02	0.0014132278123233466
Howard_22_03	0.000422237860661506
Howard_22_04	0.0032951514200533502
Howard_22_05	0.00499765734811807
Howard_22_06	0.0022727272727272726
Howard_22_07	0.0005670541536716756
Howard_22_08	0.0014132278123233466
Howard_22_09	0.00043911007025761124
Howard_22_10	0.003151862464183381
Howard_22_11	0.0011370096645821489
Howard_22_13	0.0007028394714647174
Howard_22_14	0.0002894356005788712
Howard_22_15	0.00014210601108426886
Howard_22_16	0.0003367570298029971
Howard_22_17	0.00014084507042253522
Howard_22_18	0.0009916418756197763
Howard_22_19	0.0002876042565429968
HW1_23_01	0.0
HW1_23_02	0.0
HW1_23_03	0.0001410039481105471
HW1_23_05	0.0
HW1_23_06	0.0
HW1_23_07	0.0
HW1_23_08	0.0001419849495953429
HW1_23_09	0.0
HW1_23_10	0.0
HW1_23_13	0.00014126289023873428
HW2_23_01	0.00014956625785222854
HW2_23_02	0.00014210601108426886
HW2_23_03	0.0
HW2_23_04	0.0
HW3_23_01	0.0
HW3_23_02	0.0
HW3_23_03	0.0
HW3_23_04	0.0
HW3_23_05	0.0
HW3_23_06	0.0
HW3_23_07	0.0
HW3_23_08	0.0
HW3_23_09	0.0
HW3_23_10	0.0
HW3_23_11	0.0
HW4_23_01	0.0
HW4_23_02	0.0
HW4_23_03	0.0
HW4_23_04	0.00031191515907673113
HW4_23_05	0.0
HW4_23_06	0.0
HW4_23_07	0.0
HW4_23_08	0.0
HW4_23_09	0.0
HW4_23_10	0.0
Iron_17_031	0.00032102728731942215
Iron_17_032	0.0
Iron_17_033	0.0
Iron_17_034	0.0
Iron_17_036	0.0
Iron_17_037	0.0001536806516059628
Iron_17_038	0.00030039050765995795
Iron_17_039	0.0
Iron_17_040	0.0
Iron_17_042	0.0
Iron_17_043	0.0
Iron_17_044	0.0
Iron_17_045	0.0
Iron_17_046	0.0
Iron_17_047	0.0
Iron_17_048	0.0
Iron_17_049	0.0
Iron_17_050	0.0
Iron_17_051	0.0
Iron_17_052	0.0
Iron_17_053	0.0
Iron_17_054	0.0
Iron_17_055	0.0
Iron_17_056	0.0
Iron_17_057	0.0
Iron_17_058	0.0
Iron_17_059	0.0
Iron_17_060	0.0
JacksonFH_NA_01	0.0010071942446043165
JacksonFH_NA_02	0.00014357501794687725
JacksonFH_NA_05	0.0007145919679862799
JacksonFH_NA_07	0.0010021474588403723
JacksonFH_NA_08	0.0005871990604815032
JacksonFH_NA_09	0.000868683943825105
JacksonFH_NA_10	0.0
JARMAB08_22_06	0.0
JARMAB8_22_01	0.0
JARMAB8_22_02	0.0
JARMAB8_22_03	0.0001410636196924813
JARMAB8_22_04	0.0
JARMAB8_22_05	0.0
JARMAB8_22_06	0.0
JARMAB8_22_08	0.0
JARMAB8_22_10	0.0
JARMAB8_22_11	0.0
JARMAB8_22_12	0.0
JARMAB8_22_13	0.0
JARMAB8_22_14	0.0
JARMAB8_22_16	0.0
JARMAB8_22_17	0.0001405678942929435
JARMAB8_22_18	0.0
JARMAB8_22_19	0.0
Kik_18_313	0.0
Kik_18_316	0.00014494854326714017
Kik_18_317	0.0
Kik_18_318	0.0002871912693854107
Kik_18_319	0.0
Kik_18_321	0.0
Kik_18_326	0.0004211117349803481
Kik_18_327	0.00042176296921130323
Kik_18_328	0.0002886002886002886
Kik_18_329	0.00014076576576576576
Kik_18_330	0.00028078056998455706
Kik_18_331	0.0003124511795032026
Kik_18_334	0.0002810172825628776
Kik_18_472	0.0001646090534979424
Kik_18_646	0.0002814126917123962
Kik_18_647	0.0
Kik_19_020	0.0
Kik_19_024	0.00015867978419549348
Kik_190_35	0.0
Kik_19_036	0.0001408252358822701
Kik_19_040	0.00014048890137679124
Kik_19_044	0.0002809778027535825
Kik_19_046	0.0
Kik_19_048	0.0002808988764044944
KilbCk_20_01	0.00042164441321152494
KilbCk_20_02	0.0002821272393849626
KilbCk_20_03	0.00014132278123233464
KilbCk_20_04	0.00029171528588098014
KilbCk_20_05	0.0
KilbCk_20_06	0.0007095217823187171
KilbCk_20_07	0.00014092446448703494
KilbCk_20_08	0.0001407063458561981
KilbCk_20_09	0.0001485663348685188
KilbCk_20_10	0.0001405086412814388
KilbCk_20_11	0.0002841716396703609
KilbCk_20_12	0.0002886419396738346
KilbCk_20_13	0.0
KilbCk_20_14	0.0002826455624646693
KilbCk_20_15	0.0002828854314002829
KilbCk_20_16	0.00014064697609001407
KilbCk_20_17	0.0004224757076468103
KilbCk_20_18	0.000280662363177098
KilbCk_20_19	0.0
KilbCk_20_20	0.0
KilbCk_20_21	0.0
KilbCk_20_22	0.0004209935447656469
KilbCk_20_23	0.000574052812858783
KilbCk_20_24	0.0
KilbCk_20_25	0.0
KilbCk_20_26	0.0001405678942929435
KilbCk_20_27	0.00014072614691809738
KilbCk_20_28	0.00042164441321152494
KilbCk_20_29	0.000140805406927626
KilbCk_20_30	0.00014048890137679124
KO_19_5583	0.00015114873035066505
KootRiv_15_01	0.00043184108248164676
KootRiv_15_06	0.001417836381681554
KootRiv_15_07	0.00014598540145985403
KootRiv_15_08	0.001941747572815534
KootRiv_15_12	0.00014072614691809738
KootRiv_15_15	0.00020990764063811922
KootRiv_15_17	0.0
KootRiv_15_20	0.00014040999719180006
KootRiv_15_21	0.0004250495891187305
KootRiv_15_22	0.00030755036137167463
KootRiv_15_24	0.0
KootRiv_15_27	0.004839857651245552
KootRiv_15_29	0.0007051191651389084
KootRiv_15_30	0.005140255544132766
KootRiv_15_31	0.0002840909090909091
KootRiv_15_32	0.011805355600345523
KootRiv_15_34	0.0
KootRiv_15_36	0.0001621796951021732
KootRiv_15_37	0.0010466507177033493
KootRiv_15_38	0.0004287551807917679
KootRiv_15_40	0.000286286859433152
KootRiv_16_04	0.0012089810017271157
KootRiv_16_11	0.0
KootRiv_16_13	0.0022955523672883787
KootRiv_16_14	0.003126332243853915
KootRiv_16_18	0.0008434073657576609
KootRiv_16_25	0.0028252578047746855
KootRiv_16_26	0.0
KootRiv_16_39	0.00017364125716270185
KootRiv_16_41	0.0
KootRiv_17_02	0.0007029382820188388
KootRiv_20_42	0.0
KRBY_22_01	0.00028348688873139615
KRBY_22_02	0.00014078558355624384
KRBY_22_03	0.0022592487997740753
KRBY_22_05	0.0004233700254022015
KRBY_22_06	0.0001413427561837456
KRBY_22_07	0.0014144271570014145
KRBY_22_08	0.00019098548510313216
KRBY_22_09	0.0001409046075806679
KRBY_22_10	0.00014168319637291018
LA3_18_01	0.00044059333235423704
LA4_18_01	0.00014208581983518045
LA5_18_01	0.00014245014245014244
LA5_18_02	0.0001409046075806679
LA5_18_03	0.0
LA5_18_04	0.0004212891447830361
LA6_18_01	0.00028121484814398203
LA6_18_02	0.0
LA7_18_01	0.00014122299110295156
LA7_18_02	0.0
Lake_22_18	0.0003578457684737878
Lamar_13_A23	0.002303152439902116
LamarA07	0.00015489467162329616
LamarV_16_05	0.9320486815415822
Lap_23_481	0.0
Lap_23_482	0.0
Lap_23_483	0.0
Lap_23_484	0.0
Lap_23_485	0.0
Lap_23_486	0.0
Lap_23_487	0.0
Lap_23_488	0.0
Lap_23_489	0.0
Lap_23_490	0.0
Lap_23_491	0.0
Lap_23_492	0.0
Lap_23_493	0.0
Lap_23_494	0.0
Lap_23_495	0.0
Lap_23_496	0.0
Lap_23_497	0.0
Lap_23_498	0.0
Lap_23_499	0.0
Lap_23_500	0.00016173378618793466
Lap_23_502	0.0
Lap_23_503	0.0
Lap_23_504	0.0
Lap_23_505	0.0
Lap_23_506	0.0
Lap_23_507	0.0
Lap_23_508	0.0
Lap_23_509	0.0
Lap_23_510	0.0
Lap_23_NA	0.0
LCherry_17_211	0.0
LCherry_17_212	0.00029226947245360223
LCherry_17_213	0.0
LCherry_17_214	0.00028914269191846175
LCherry_17_215	0.00014128284826222097
LCherry_17_216	0.0
LCherry_17_217	0.0
LCherry_17_218	0.00014238929232521716
LCherry_17_219	0.0
LCherry_17_220	0.00030665440049064706
LCherry_17_221	0.0
LCherry_17_222	0.0001416029453412631
LCherry_17_223	0.00014267370523612499
LCherry_17_224	0.0
LCherry_17_225	0.0001414027149321267
LCherry_17_226	0.00014186409419775854
LCherry_17_227	0.0001446340757882557
LCherry_17_228	0.000286820593718629
LCherry_17_229	0.00015213753232922562
LCherry_17_231	0.00028308563340410475
LCherry_17_232	0.0
LCherry_17_233	0.00014697236919459142
LCherry_17_234	0.0
LCherry_17_235	0.0
LCherry_17_236	0.0001441753171856978
LCherry_17_237	0.0
LCherry_17_238	0.0001436162573603332
Leigh_04_212	0.0
LibbyBBC_11_322	0.0022278803309993636
LibbyBBC_11_324	0.0013157894736842105
LibbyBBC_11_325	0.0013253810470510272
LibbyBBC_11_328	0.007043380822794942
LibbyBBC_11_329	0.0055
LibbyBBC_11_330	0.004717837053166395
LibbyBBC_11_331	0.0010270455323519343
LibbyBBC_11_332	0.0012296341838303104
LibbyBBC_11_333	0.002283477409884195
LibbyBBC_11_334	0.002030269472129937
LibbyBBC_11_343	0.0045773573390296
LibbyBBC_11_346	0.0013236267372600927
LibbyBBC_11_347	0.006559766763848397
LK_2009_12_17_600	0.0
LK_2016_01_18_572	0.000582665695557174
LK_2016_01_18_673	0.0
LK_BT_07_161	0.0002817695125387433
LKFD_16_001	0.00028078056998455706
LKFD_16_002	0.00014066676044450696
LKFD_16_003	0.00042176296921130323
LKFD_16_004	0.00014048890137679124
LKFD_16_005	0.0002813335208890139
LKFD_16_006	0.0
LKFD_16_007	0.0
LKFD_16_008	0.0
LKFD_16_009	0.00043196544276457883
LKFD_16_010	0.0
LKFD_16_011	0.00014094432699083862
LKFD_16_012	0.0
LKFD_16_013	0.0
LKFD_16_014	0.000143143429716576
LKFD_16_015	0.0
LKFD_16_016	0.0
LKFD_16_017	0.0
LKFD_16_018	0.00014046916701783958
LKFD_16_019	0.0
LKFD_16_020	0.0
LKFD_16_021	0.00014088475626937165
LKFD_16_022	0.0002811753128075355
LKFD_16_023	0.0011547344110854503
LKFD_17_01	0.0002808988764044944
LKFD_17_02	0.00014040999719180006
LKFD_17_03	0.0002813335208890139
LKFD_17_04	0.0001405283867341203
LKFD_17_05	0.00014168319637291018
LKFD_17_06	0.00043271311120726956
LKFD_17_07	0.00028093833403567916
LKFD_17_08	0.0
LKFD_17_09	0.0
LKFD_17_10	0.0
LKFD_17_11	0.00028260562385191464
LKFD_18_02	0.0
LKFD_18_03	0.0
LKFD_18_04	0.0
LKFD_18_05	0.0
LKFD_18_09	0.0
LKFD_18_11	0.0004062563477554337
LKFD_19_02	0.0
LKFD_19_03	0.0
LKFD_19_05	0.0
LKFD_19_06	0.0002817298211015636
LKFD_19_07	0.0
LKFD_19_08	0.00014182385477237272
LKFD_19_09	0.00015552099533437013
LKFD_19_10	0.00028851702250432774
LKFD_19_11	0.0
LKFD_19_12	0.00015309246785058175
LKFD_19_13	0.00014164305949008498
LKFD_19_14	0.0
LKFD_20_01	0.00014130281192595732
LKFD_20_02	0.00014058765640376775
LKFD_20_06	0.0
LKFD_22_01	0.0
LKFD_22_05	0.0
LKFD_22_07	0.0003532944709415298
LKFD_22_08	0.00014108352144469525
LKFD_22_09	0.0
LKFD_22_10	0.0
LKFD_22_11	0.0001444043321299639
LKFD_22_12	0.0002851033499643621
LKFD_22_14_1	0.00014450867052023122
LKFD_22_14	0.00014486455164421265
LLRB_14_01	0.000860461781155887
LLRB_14_02	0.00031872509960159364
LLRB_14_03	0.0011352348517099475
LLRB_14_04	0.0008441193021947102
LLRB_14_05	0.0007014590347923681
LLRB_14_06	0.0007027406886858749
LoGeig_17_01	0.0
LoGeig_17_02	0.0
LoGeig_17_03	0.0
LoGeig_17_04	0.0
LoGeig_17_05	0.0
LoGeig_17_06	0.00014784151389710232
LoGeig_17_07	0.0
LoGeig_17_08	0.0002978850163836759
LoGeig_17_09	0.0
LoGeig_17_10	0.0
LoGeig_17_11	0.0
LoGeig_17_12	0.0
LoGeig_17_13	0.0001432870038687491
LoGeig_17_14	0.0004338394793926247
LoGeig_17_15	0.0
LoGeig_17_16	0.0
LoGeig_17_17	0.00029881966233378154
LoGeig_17_18	0.0
LoGeig_17_19	0.0
LoGeig_17_20	0.0
LoGeig_17_21	0.00028538812785388126
LoGeig_17_22	0.0
LoGeig_17_23	0.0
LoGeig_17_24	0.000424868998725393
LoGeig_17_25	0.0
LoGeig_17_26	0.0004314063848144953
LoGeig_17_27	0.0
LoGeig_17_28	0.0
LoGeig_17_29	0.0
LoGeig_17_30	0.0
LoLamar_16_26	0.9499693690014295
Lone46_22_46_01	0.0005625087891998312
LostFork_23_391	0.0
LostFork_23_392	0.0
LostFork_23_393	0.0
LostFork_23_394	0.0
LostFork_23_395	0.0
LostFork_23_396	0.0
LostFork_23_397	0.0
LostFork_23_398	0.0
LostFork_23_399	0.0
LostFork_23_400	0.00014156285390713478
LostFork_23_401	0.0
LostFork_23_402	0.0
LostFork_23_403	0.0
LostFork_23_404	0.0
LostFork_23_405	0.0
LostFork_23_406	0.0
LostFork_23_407	0.0
LowerCedarLk_20_001	0.0013132934481249088
LowerCedarLk_20_003	0.0005138746145940391
LowerCedarLk_20_004	0.0025921658986175116
LowerCedarLk_20_005	0.0004630344188918043
LowerCedarLk_20_006	0.0029133284777858705
LowerCedarLk_20_007	0.0056261051277929595
LowerCedarLk_20_008	0.0037696019300361883
LowerCedarLk_20_010	0.004742742167289451
LowerCedarLk_20_011	0.0020984665052461663
LowerCedarLk_20_012	0.0015817779183802593
LowerCedarLk_20_013	0.0011730205278592375
LowerCedarLk_20_014	0.0010391923990498812
LowerCedarLk_20_015	0.004945454545454545
LowerCedarLk_20_016	0.0017555059048834983
LowerCedarLk_20_017	0.0010190217391304348
LowerCedarLk_20_018	0.0022916069894013177
LowerCedarLk_20_019	0.004152942861234426
LowerCedarLk_20_020	0.00340287024707797
LowerCedarLk_20_021	0.00474069817554949
LowerCedarLk_20_022	0.0025188916876574307
LowerCedarLk_20_023	0.0020685579196217494
LowerCedarLk_20_024	0.00030372057706909645
LowerCedarLk_20_025	0.000995166334944555
LowerCedarLk_20_026	0.00539830755763058
LowerCedarLk_20_027	0.005851462865716429
LowerCedarLk_20_028	0.009
LowerCedarLk_20_029	0.0022088353413654616
LowerCedarLk_20_031	0.0011885895404120444
LowerCedarLk_20_032	0.0008522727272727272
LowerCedarLk_20_033	0.0010111223458038423
LowerCedarLk_20_034	0.001139925904816187
LowerCedarLk_20_035	0.0010247401551749377
LowerCedarLk_20_036	0.001282233936458185
LowerCedarLk_20_037	0.0011924280816813235
LowerCedarLk_20_038	0.000719527989638797
LowerCedarLk_20_039	0.0032720473667809287
LowerCedarLk_20_040	0.003008595988538682
LSM_14_01	0.00014322543683758235
LSM_14_02	0.00014114326040931546
LSM_14_05	0.0
LSM_14_06	0.00014027212792818068
LSM_14_08	0.0
LSM_14_10	0.00014104372355430183
LSM_14_11	0.0010012873694750393
LSM_14_19	0.0002833262501770789
LSM_14_21	0.0
LSM_14_25	0.0
LSM_14_26	0.0001419244961680386
LSM_14_27	0.00019327406262079628
LSM_14_28	0.0
LSM_14_31	0.00014671361502347418
LSM_14_37	0.0
LSM_14_39	0.0008424599831508003
LSM_14_41	0.00014513788098693758
LSM_14_43	0.0
LSM_14_44	0.00014112334180073385
LSM_14_48	0.00014019346698443852
LSM_14_51	0.0
LSM_14_53	0.0
LSM_14_54	0.0
LSM_14_55	0.0002806229830223095
ltlmission_23_14	0.0
ltlmission_23_25	0.0
ltlmission_23_26	0.00014398848092152627
MAC6_17_04	0.0
MAC6_17_11	0.0
MAC6_17_12	0.0
MAC6_17_13	0.0
MAC6_17_16	0.0
MAC6_17_17	0.0
MAC6_17_18	0.0
MAC6_17_19	0.0001467782181124321
MAC6_17_20	0.0
MAC6_17_24	0.0
MAC6_17_25	0.0
MAC6_17_26	0.0
MAC6_17_27	0.0
MAC6_17_30_1	0.00042735042735042735
MAC6_17_30	0.00042643923240938164
MAS6_21_01	0.0
MAS6_21_02	0.0001410636196924813
MAS6_21_03	0.0
MAS6_21_04	0.0
MAS6_21_05	0.0
MAS6_21_06	0.0
MAS6_21_07	0.0
MAS6_21_08	0.0
MAS6_21_09	0.0
MAS6_21_10	0.0
MAS6_21_11	0.0
MAS6_21_12	0.0
MAS6_21_13	0.0
MAS6_21_14	0.0
MAS6_21_15	0.0
MC_DE_0006	0.0
MC_WA_0014	0.0
MC_WA_0018	0.0
MC_WA_0019	0.0
Meatrack_20_15	0.00028686173264486515
Meatrack_20_19	0.0007190106413574921
MG_23_RB	0.010835913312693499
MillFork_23_201	0.008232235701906412
MinorLk_20_001	0.1353211009174312
MinorLk_20_002	0.14387556707712248
MinorLk_20_003	0.13646120821833793
MinorLk_20_004	0.14715409532623785
MinorLk_20_005	0.1150812811846129
MinorLk_20_006	0.15150048402710553
MinorLk_20_007	0.17328918322295805
MinorLk_20_009	0.14930667526604322
MinorLk_20_010	0.1247985938186612
MinorLk_20_010_R	0.12659187386294724
MinorLk_20_011	0.12571934484285083
MinorLk_20_012	0.11204979991107158
MinorLk_20_013	0.08696291936433195
MinorLk_20_014	0.1830629557969936
MinorLk_20_015	0.16292134831460675
MinorLk_20_017	0.12288944354720305
MinorLk_20_018	0.12014603385330236
MinorLk_20_019	0.15102529561442898
MinorLk_20_020	0.07004683363877011
MinorLk_20_021	0.14613713931120073
MinorLk_20_022	0.10492344641248874
MinorLk_20_023	0.12288411458333333
MinorLk_20_024	0.14204204204204204
MinorLk_20_026	0.13574261789334507
MinorLk_20_028	0.11031175059952038
MK1_23_02	0.0
MK1_23_03	0.0
MK1_23_04	0.0
MK2_23_01	0.0
MK2_23_02	0.0
MK2_23_03	0.0
MK2_23_04	0.0
MK2_23_05	0.0
MK2_23_06	0.0
MK2_23_08	0.0
MK2_23_09	0.0
MK2_23_10	0.0
MK2_23_11	0.0
MON4_23_13	0.0007029382820188388
MON4_23_14	0.0012628034236003929
MON5a_23_01	0.00044169611307420494
MSGerrard_22_02	0.0
MSGerrard_22_03	0.0
MSGerrard_22_04	0.0001548467017652524
MSGerrard_22_06	0.0
MSGerrard_22_08	0.0
MSGerrard_22_11	0.0
MSGerrard_22_12	0.00031138097462245055
MSGerrard_22_13	0.0
MSGerrard_22_14	0.0008865248226950354
MSGerrard_22_15	0.0
MSGerrard_22_16	0.0
MSGerrard_22_17	0.0
MSGerrard_22_18	0.00017295053614666206
MSGerrard_22_19	0.0
MSGerrard_22_21	0.0
MSGerrard_22_22	0.0
MSGerrard_22_23	0.0
MSGerrard_22_24	0.0
MSGerrard_22_25	0.0
MSGerrard_22_26	0.0
MSGerrard_22_27	0.0
MSGerrard_22_28	0.0
MSGerrard_22_29	0.0
MSGerrard_22_30	0.0
MSH_13_22	0.00014076576576576576
MtHenry_20_01	0.0
MtHenry_20_02	0.0005654509471303364
MtHenry_20_03	0.00028469750889679714
MtHenry_20_04	0.00028340654669122857
MtHenry_20_05	0.0001407063458561981
MtHenry_20_06	0.00014060742407199101
MtHenry_20_07	0.00014035087719298245
MtHenry_20_08	0.0002927400468384075
MtHenry_20_09	0.0
MtHenry_20_10	0.0
MtHenry_20_11	0.0004791566842357451
MtHenry_20_12	0.0002832058906825262
MtHenry_20_13	0.0
MtHenry_20_14	0.0005626406601650412
MtHenry_20_15	0.0
MtHenry_20_16	0.0
MtHenry_20_17	0.00042283298097251583
MtHenry_20_18	0.0001413627367825841
MtHenry_20_19	0.0004405286343612335
MtHenry_20_20	0.0005634596422031273
MtHenry_20_21	0.0002814126917123962
MtHenry_20_22	0.0001446340757882557
MtHenry_20_23	0.0
MtHenry_20_24	0.0
MtHenry_20_25	0.0
MtHenry_20_26	0.0001410636196924813
MtHenry_20_27	0.00014622020763269483
MtHenry_20_28	0.000566331587144273
MtHenry_20_29	0.0004740085321535788
MtHenry_20_30	0.0
Murry3yr_24	0.0
NCF161	0.0007064142413111048
NCF_NA_161	0.0007021485746383935
NFLT_22_2386	0.001687051876845213
NFLT_22_2387	0.0011250175783996624
No_17_152	0.0
No_17_153	0.0
No_17_154	0.0
No_17_155	0.0
No_17_157	0.0
No_17_159	0.0007558578987150416
No_17_160	0.0
No_17_161	0.0
No_17_162	0.0
No_17_163	0.00031690698779908097
No_17_165	0.0
No_17_166	0.0
No_17_167	0.0
No_17_168	0.0
No_17_171	0.00014182385477237272
No_17_172	0.0
No_17_173	0.0
No_17_174	0.0
No_17_175	0.0
No_17_176	0.0
No_17_179	0.0
No_17_180	0.0
No_17_481	0.0
No_17_482	0.0001593879502709595
No_17_483	0.0
No_17_484	0.00014551804423748544
No_17_485	0.0
No_17_486	0.0
No_17_487	0.00014144271570014144
No_17_488	0.0
OBrien_11_486	0.00042619690296917176
OBrien_11_487	0.0
OBrien_11_488	0.000291247997670016
OBrien_11_489	0.0013303769401330377
OBrien_11_490	0.004835751208937802
OBrien_11_491	0.0003115750116840629
OBrien_11_492	0.0005819028222286878
OBrien_11_493	0.0003065134099616858
OBrien_11_494_1	0.0004562043795620438
OBrien_11_494	0.0006362334976936536
OBrien_11_495	0.0020213687554143807
OBrien_11_496	0.00014040999719180006
OBrien_11_497	0.000715307582260372
OBrien_11_498	0.0004274722143060701
OBrien_11_499	0.002274665908444697
Parm_17_251	0.00044365572315882877
Parm_17_252	0.0005705320211096848
Parm_17_253	0.0005689091167685962
Parm_17_254	0.0002858776443682104
Parm_17_255	0.00014405070584845865
Parm_17_256	0.00043333814820164666
Parm_17_257	0.00032092426187419767
Parm_17_258	0.0003028009084027252
Parm_17_259	0.00044027003228646906
Parm_17_260	0.00015683814303638644
Parm_17_261	0.00043878894251864854
Parm_17_262	0.0002882259691598213
Parm_17_263	0.0009523809523809524
Parm_17_264	0.0
Parm_17_265	0.0002920987293705272
Parm_17_266	0.0007898894154818325
Parm_17_268	0.0011647254575707154
Parm_17_269	0.00014858841010401187
Parm_17_270	0.0003103180760279286
Parm_17_271	0.0
Parm_17_272	0.0004438526409232135
Parm_17_273	0.0001686056314280897
Parm_17_274	0.0002894774931249095
Parm_17_275	0.0002817695125387433
Parm_17_276	0.0002835672763363108
Parm_17_278	0.0002864508736751647
Parm_17_279	0.000293728888236158
Parm_17_280	0.00014349261013057828
Parm_17_281	0.00014336917562724014
Parm_17_283	0.0
ParmenterCr_20_001	0.0015532335498446767
ParmenterCr_20_002	0.001011853136744724
ParmenterCr_20_003	0.0005639362752009023
ParmenterCr_20_004	0.0010859447719515978
ParmenterCr_20_005	0.0007204610951008645
ParmenterCr_20_006	0.0007066139061616733
ParmenterCr_20_007	0.005920496193966732
ParmenterCr_20_008	0.0035582123541132936
ParmenterCr_20_009	0.0010027216731127346
ParmenterCr_20_010	0.00042820439623180134
ParmenterCr_20_011	0.0008575103615835358
ParmenterCr_20_012	0.00028236622899901174
ParmenterCr_20_013	0.0007106310403638431
ParmenterCr_20_014	0.0012785907089075152
ParmenterCr_20_015	0.0006000600060006001
ParmenterCr_20_016	0.009010277347599606
ParmenterCr_20_017	0.00043208987469393634
ParmenterCr_20_018	0.0020152583849143515
ParmenterCr_20_019	0.0008531210009953079
ParmenterCr_20_020	0.0009827319949459498
ParmenterCr_20_021	0.002133595929755457
ParmenterCr_20_022	0.0008438818565400844
ParmenterCr_20_023	0.012415349887133182
ParmenterCr_20_024	0.0007076139258420605
ParmenterCr_20_025	0.0005685856432125089
ParmenterCr_20_026	0.00046845721424109934
ParmenterCr_20_027	0.0007061149555147578
ParmenterCr_20_028	0.0008689355539464157
ParmenterCr_20_029	0.00042217844075429216
ParmenterCr_20_030	0.001272984441301273
ParmenterCr_20_031	0.0004222972972972973
ParmenterCr_20_032	0.000282845424975251
ParmenterCr_20_033	0.00014076576576576576
ParmenterCr_20_034	0.00029278290147855365
ParmenterCr_20_035	0.00042170368287883047
ParmenterCr_20_036	0.00042765502494654313
ParmenterCr_20_037	0.0007039279177812192
ParmenterCr_20_038	0.00042081638378454203
ParmenterCr_20_039	0.00028149190710767064
ParmenterCr_20_040	0.0002852660105548424
ParmenterCr_20_041	0.0001424298532972511
ParmenterCr_20_042	0.0004418262150220913
ParmenterCr_20_043	0.0005763688760806917
ParmenterCr_20_044	0.00014166312508853945
ParmenterCr_20_045	0.0007100255609201931
ParmenterCr_20_046	0.00042826552462526765
ParmenterCr_20_047	0.0005668934240362812
ParmenterCr_20_048	0.0
ParmenterCr_20_049	0.0002871912693854107
ParmenterCr_20_050	0.00028494087476848553
ParmenterCr_20_051	0.0002826455624646693
ParmenterCr_20_052	0.00028252578047746857
ParmenterCr_20_053	0.0007084159818645508
ParmenterCr_20_054	0.00028121484814398203
ParmenterCr_20_055	0.0004247486903582047
ParmenterCr_20_056	0.0002830455703368242
ParmenterCr_20_057	0.00014304105278214847
ParmenterCr_20_058	0.00014874312063067083
ParmenterCr_20_059	0.0006090133982947625
ParmenterCr_20_060	0.0001410039481105471
ParmenterCr_20_061	0.00016488046166529267
ParmenterCr_20_062	0.0
ParmenterCr_20_063	0.0
ParmenterCr_20_064	0.0
ParmenterCr_20_065	0.0
ParmenterCr_20_066	0.0004341534008683068
ParmenterCr_20_067	0.000291247997670016
ParmenterCr_20_067_R	0.00031338138514572234
ParmenterCr_20_068	0.0002907822041291073
ParmenterCr_20_069	0.0
ParmenterCr_20_070	0.0004418262150220913
ParmenterCr_20_071	0.00043834015195791935
ParmenterCr_20_072	0.00029282576866764275
ParmenterCr_20_073	0.0002901915264074289
ParmenterCr_20_075	0.00014084507042253522
ParmenterCr_20_076	0.00014415453366008361
ParmenterCr_20_077	0.0
ParmenterCr_20_078	0.0001412030499858797
ParmenterCr_20_079	0.0004283878337855205
ParmenterCr_20_080	0.0001415227851684121
ParmenterCr_20_081	0.0002906554279901177
ParmenterCr_20_082	0.00015686274509803922
ParmenterCr_20_083	0.00042348955392433656
ParmenterCr_20_084	0.00042277339346110483
ParmenterCr_20_085	0.00014273479874393378
ParmenterCr_20_086	0.00014490653528474135
ParmenterCr_20_087	0.0
ParmenterCr_20_088	0.00014208581983518045
ParmenterCr_20_089	0.00014371945961483184
ParmenterCr_20_090	0.0002975304968759298
Pennask_17_36	0.00014066676044450696
Pennask_17_37	0.000140548137737175
Pennask_17_38	0.0001407063458561981
Pennask_17_39	0.0
Pennask_17_40	0.0001408252358822701
Pennask_17_41	0.00028145229383619476
Pennask_17_42	0.00042217844075429216
Pennask_17_43	0.0
Pennask_17_44_1	0.0
Pennask_17_44	0.0001407063458561981
Pennask_17_45	0.00028078056998455706
Pennask_17_46	0.00014760147601476016
Pennask_17_47	0.000281928390188892
Pennask_17_48	0.0
Pennask_17_49	0.0
Pennask_17_50	0.00014074595355383532
Pennask_17_51	0.00029197080291970805
Pennask_17_52	0.0005621135469364812
Pennask_17_53	0.00014130281192595732
Pennask_17_54	0.00014078558355624384
Pennask_17_55	0.000281610813855252
Pennask_17_56	0.0
Pennask_17_57	0.00028121484814398203
Pennask_17_58	0.0
Pennask_17_59	0.00014473874656245476
Pennask_17_60	0.0
Pennask_17_61	0.0
Pennask_17_62	0.0002811753128075355
Pennask_17_63	0.0002842524161455372
Pennask_17_64	0.0
Pennask_17_65	0.00042188159189987344
PIN1496	0.00017322016282695306
Piney_16_06	0.0
Poorman_24_01	0.00014060742407199101
Poorman_24_02	0.000140331181588549
Poorman_24_03	0.0001408649105507818
Poorman_24_04	0.0
Poorman_24_05	0.00014048890137679124
Poorman_24_06	0.0
Poorman_24_07	0.00014039028499227853
Poorman_24_08	0.0
Poorman_24_09	0.00014025245441795232
Poorman_24_10	0.0
Poorman_24_11	0.0
Poorman_24_12	0.00014400921658986175
Poorman_24_13	0.00014128284826222097
Poorman_24_14	0.0001462629808395495
Poorman_24_15	0.0
Poorman_24_16	0.0
Poorman_24_17	0.0001404297149276787
Poorman_24_18	0.00014291839359725596
Poorman_24_19	0.0
Poorman_24_20	0.00028074115665356543
Poorman_24_21	0.0
Poorman_24_22	0.0002804655728509325
Poorman_24_23	0.00014019346698443852
Poorman_24_24	0.0
Poorman_24_25	0.0
Poorman_24_26	0.00014452955629426219
Porc_17_01	0.0
Porc_17_02	0.00028776978417266187
Porc_17_03	0.0
Porc_17_04	0.0
Porc_17_05	0.00014814814814814815
Porc_17_06	0.0
Porc_17_07	0.0
Porc_17_08	0.00015351550506601167
Porc_17_09	0.0
Porc_17_10	0.0
Porc_17_11	0.0
Porc_17_12	0.0
Porc_17_13	0.00029607698001480384
Porc_17_14	0.0
Porc_17_15	0.0
Porc_17_16	0.0
Porc_17_17	0.0
Porc_17_18	0.0
Porc_17_19	0.0
Porc_17_20	0.0
Porc_17_21	0.0
Porc_17_22	0.0
Porc_17_23	0.0
Porc_17_24	0.0
Porc_17_25	0.0
Porc_17_26	0.0
Porc_17_27	0.0
Porc_17_28	0.0
Porc_17_29	0.0
Porc_17_30	0.0
Porcupine_23_121	0.000140548137737175
Porcupine_23_122	0.00042170368287883047
Porcupine_23_123	0.0
Porcupine_23_124	0.0002814126917123962
Porcupine_23_125	0.0
Porcupine_23_126	0.00014064697609001407
Porcupine_23_127	0.00028153153153153153
Porcupine_23_128	0.0001408649105507818
Porcupine_23_129	0.0
Porcupine_23_130	0.0
Porcupine_23_131	0.0
Porcupine_23_132	0.0001408649105507818
Porcupine_23_133	0.0005636978579481398
Porcupine_23_134	0.00014066676044450696
Porcupine_23_135	0.0005624296962879641
Porcupine_23_136	0.00014104372355430183
Porcupine_23_137	0.0003068425897514575
Porcupine_23_138	0.00043427909669947886
Porcupine_23_139	0.00014249073810202338
Porcupine_23_140	0.00014461315979754158
Porcupine_23_141	0.0
Porcupine_23_142	0.00014154281670205238
Porcupine_23_143	0.0
Porcupine_23_144	0.00042170368287883047
Porcupine_23_145	0.0
Porcupine_23_146	0.0004222972972972973
Quartz_10_141	0.0007550588945937784
Quartz_10_142	0.002028714107365793
Quartz_10_144	0.0009379396592152572
Quartz_10_148	0.00017129153819801302
Quartz_10_149	0.0011658894070619586
Quartz_10_153	0.0
Rabelo_23_28	0.004394046775336641
Rabelo_23_29	0.0077323211022072265
Rabelo_23_30	0.000989399293286219
RabeUp_23_01	0.0010074841681059297
Ramsey_24_01	0.0
Ramsey_24_02	0.0
Ramsey_24_03	0.0
Ramsey_24_04	0.0
Ramsey_24_05	0.0
Ramsey_24_06	0.0
Ramsey_24_07_1	0.0
Ramsey_24_07	0.0
Ramsey_24_08	0.0
Ramsey_24_09	0.0
Ramsey_24_10	0.00014419610670511897
Ramsey_24_11	0.0
Ramsey_24_12	0.0
Ramsey_24_13	0.0
Ramsey_24_14	0.0001406271972999578
Ramsey_24_15	0.0
Ramsey_24_16	0.0
Ramsey_24_17	0.0
Ramsey_24_18	0.0
Ramsey_24_19	0.00014088475626937165
Ramsey_24_20	0.0002808988764044944
Ramsey_24_21	0.0
Ramsey_24_22	0.0
Ramsey_24_23	0.00014048890137679124
Ramsey_24_24	0.0
Ramsey_24_25	0.0
Ramsey_24_26	0.0
RBT10	0.0010790812394018807
RBT37	0.0008493771234428086
RBT46	0.0005939123979213066
RC_19_017	0.007349762213575443
RC_19_034	0.005163003392830801
RC_19_040	0.0009704027171276079
RC_19_051	0.0005662514156285391
RC_19_099	0.0011570726063060456
RCF_19_05	0.00016423057973394647
RCF_19_12	0.0009030160736861117
RCF_19_17	0.001692047377326565
Rock_18_20	0.005065428450823132
S17mile_23_151	0.0
S17mile_23_152	0.0
S17mile_23_153	0.0
S17mile_23_154	0.0
S17mile_23_155	0.0
S17mile_23_156	0.0
S17mile_23_157	0.00014074595355383532
S17mile_23_158	0.0
S17mile_23_159	0.0
S17mile_23_160	0.0
S17mile_23_161	0.0
S17mile_23_162	0.0
S17mile_23_163_1	0.0001407063458561981
S17mile_23_163	0.0
S17mile_23_164_1	0.0
S17mile_23_164	0.0
S17mile_23_165_1	0.0
S17mile_23_165	0.0
S17mile_23_166_1	0.0
S17mile_23_166	0.0
S17mile_23_168	0.0
S17mile_23_169	0.0
S17mile_23_170	0.00014357501794687725
S17mile_23_171	0.0
S17mile_23_172	0.0
S17mile_23_173	0.0
S17mile_23_174	0.0
S17mile_23_175	0.0
S17mile_23_176	0.0
S17mile_23_177	0.0
S17mile_23_178	0.00014076576576576576
S17mile_23_179	0.0
S17mile_23_180	0.0
SAC1_04__08_1	0.0005611672278338945
SAC1_04_08	0.00042081638378454203
SAC1_04_10_1	0.00042235675066873153
SAC1_04_10	0.00028121484814398203
SAC1_04_11_1	0.0
SAC1_04_11	0.0
SAC1_04_12_1	0.0005633802816901409
SAC1_04_12	0.0005629045876723895
SAC1_04_13_1	0.00015335071308081582
SAC1_04_13	0.0001452011035283868
SAC1_04_14_1	0.0
SAC1_04_14	0.0
SAC1_04_15_1	0.0
SAC1_04_15	0.0
Sand_15_046	0.00014956625785222854
Sand_15_047	0.0
Sand_15_048	0.0
Sand_15_050	0.0
Sand_15_051	0.00042319085907744394
Sand_15_052	0.00018528812303131369
Sand_15_054	0.0
Sand_15_056	0.0009824561403508772
Sand_15_057	0.0
Sand_15_058	0.0
Sand_15_059	0.0008528784648187633
Sand_15_060	0.00042637862421830583
Sand_15_062	0.00029171528588098014
Sand_15_063	0.00014023278642546626
Sand_15_065	0.00028050490883590464
Sand_15_066	0.0007101264024996449
Sand_15_791	0.0006162378678169774
Sand_15_795	0.0
Sand_15_797	0.0005621135469364812
Sand_15_798	0.0
SB2_23_01_1	0.0
SB2_23_01	0.0
SB2_23_02	0.0
SB2_23_03	0.0
SB2_23_04	0.0
SB2_23_05	0.0
SB2_23_06	0.0
SB2_23_07	0.0
SB2_23_09	0.0
SB2_23_10	0.0
SB2_23_12	0.0
SB2_23_13	0.0
SB3_23_01	0.0
SB3_23_03	0.0
SB3_23_04	0.0
SB3_23_05	0.0
SB3_23_06	0.0
SB3_23_08	0.0
SFHorse_20_36	0.0
SFHorse_20_37	0.0
SFishL_21_01	0.00014158289678606824
SFishL_21_02	0.0005648919644118063
SFishL_21_03	0.00042402826855123676
SFishL_21_04	0.000562350625615071
SFishL_21_05	0.00028764562059542645
SFishL_21_06	0.00029239766081871346
SFishL_21_07	0.0004384682841274481
SFishL_21_08	0.0
SFishL_21_09	0.0002948982601002654
SFishL_21_10	0.00044001173364623054
SFishL_21_11	0.00029048656499636893
SFishL_21_12	0.0005055611729019212
SFishL_21_13	0.00028506271379703536
SFishL_21_14	0.00029824038174768865
SFishL_21_15	0.0005818463925523662
SFishL_21_16	0.0005060728744939271
SFishL_21_17	0.00030147723846849563
SFishL_21_18	0.0
SFishL_21_19	0.000740521327014218
SFishL_21_20	0.0
SFishL_21_21	0.000293470286133529
SFishL_21_22	0.00017292062943109114
SFishL_21_23	0.000149678191887442
SFishL_21_24	0.0
SFishL_21_25	0.000321646831778707
SFishL_21_26	0.0005842827928717499
SH_11_1150	0.00020255215718047398
Shaoal_01_212	0.0005754567688102431
ShoalW_03_04	0.0007204610951008645
Silverbow_23_061_1	0.0
Silverbow_23_061	0.0
Silverbow_23_062_1	0.0
Silverbow_23_062	0.0
Silverbow_23_063_1	0.0
Silverbow_23_063	0.0
Silverbow_23_064_1	0.0
Silverbow_23_064	0.0
Silverbow_23_065	0.0
Silverbow_23_066	0.0
Silverbow_23_067	0.0001406271972999578
Silverbow_23_068	0.00014072614691809738
Silverbow_23_069	0.0
Silverbow_23_070	0.0
Silverbow_23_071	0.0
Silverbow_23_072	0.0
Silverbow_23_073	0.0
Silverbow_23_074	0.0
Silverbow_23_075	0.0
Silverbow_23_076	0.0
Silverbow_23_078	0.0
Silverbow_23_079	0.00014536996656490768
Silverbow_23_080	0.0002960331557134399
Silverbow_23_081	0.0
Silverbow_23_082	0.0
Silverbow_23_083	0.0
Silverbow_23_084	0.00028145229383619476
Silverbow_23_085	0.0
Silverbow_23_086	0.0
Silverbow_23_087	0.0
Silverbow_23_088	0.0
Silverbow_23_089	0.0
Silverbow_23_090	0.0
sixmile_23_12	0.000572737686139748
sixmile_23_16	0.0005894488653109342
SK48_15_01_1	0.00014058765640376775
SK48_15_01	0.0001408252358822701
SK48_15_02	0.0001406271972999578
SK48_15_03	0.00014068655036578504
SK49_15_01	0.00014257199885942402
SK49_15_02	0.0
SK49_15_03	0.0
SK49_15_04	0.0
SK49_15_05	0.00014367816091954023
SL1_24_02	0.0007042253521126761
SL1_24_05	0.0002808199943836001
SL2_24_01	0.0005712653527563553
SL2_24_03	0.0
SL3_24_01	0.0004209344745334643
SL3_24_02	0.0008429334082607474
SL4_24_01	0.00014037057832678272
SL5_24_01	0.000281135788585887
SL5_24_04	0.0001407063458561981
SL5_24_08	0.0004213483146067416
SL5_24_09	0.00028661507595299513
SL5_24_14	0.0004210526315789474
SL5_24_22	0.0008426966292134832
SL5_24_23	0.0001404297149276787
SL5_24_25	0.0005644137152532807
SL5_24_29	0.00028169014084507044
SL5_24_30	0.000140548137737175
SL6_24_01	0.000281928390188892
SL7_24_02	0.0007022471910112359
SLFH_24_01	0.0007244277021153289
SLFH_24_02	0.0007019514249613927
SLFH_24_05	0.0005621925509487
SLFH_24_06	0.0009824561403508772
SLFH_24_07	0.0005616399887672002
SLFH_24_08	0.0012651110486364915
SLFH_24_09	0.0008428150021070375
SLFH_24_10	0.0007022471910112359
SLFH_24_11	0.00042152592384431644
SLFH_24_12	0.00042289258528333803
SLFH_24_13	0.000560931145701865
SLFH_24_14	0.000548747027620267
SLFH_24_15	0.00014037057832678272
SLFH_24_16	0.0008486562942008486
SLFH_24_17	0.0009827319949459498
SLFH_24_18	0.0
SLFH_24_19	0.0002811753128075355
SLFH_24_20	0.0002808199943836001
SLFH_24_21	0.0005617188597107148
SLFH_24_22	0.0009839752600506045
SLFH_24_23	0.000562350625615071
SLFH_24_24	0.0007019514249613927
SLFH_24_25	0.0009823182711198428
SLFH_24_26	0.0007020499859590003
SLFH_24_27	0.0007018528916339135
SLFH_24_28	0.0002809778027535825
SLFH_24_29	0.0005614035087719298
SLFH_24_30	0.0009824561403508772
SLFH_24_31	0.0014204545454545455
SLFH_24_32	0.00042152592384431644
SLFH_24_33	0.0012899527017342697
SLFH_24_34	0.0005787037037037037
SLFH_24_35	0.0008422234699606962
SLFH_24_36	0.000140964195094446
SLFH_24_37	0.0005618766680713583
SLFH_24_38	0.00042140750105351877
SLFH_24_39	0.00042170368287883047
SLFH_24_40	0.0002815711671124877
SLFH_24_41	0.00014066676044450696
SLFH_24_42	0.0004220002813335209
SLFH_24_43	0.000561324726354196
SLFH_24_44	0.0007069136151562279
SLFH_24_45	0.0007028394714647174
SLFH_24_46	0.0002810172825628776
SLFH_24_47	0.0009828699803426004
SLFH_24_48	0.0007028394714647174
SLFH_24_49	0.000562271577171774
SLFH_24_50	0.0002813731007315701
Slough_17_18	0.0
Slough_17_19	0.0011502516175413372
SML_20_154	0.0002841716396703609
SML_20_155	0.0
SML_20_156	0.00014204545454545454
SML_20_157	0.0
SML_20_158	0.00014048890137679124
SML_20_159	0.0
SML_20_160	0.0001404297149276787
SML_20_170_1	0.00015062509414068384
SML_20_170	0.0
SML_20_181	0.0
SML_20_182	0.0002814126917123962
SML_20_183	0.0001404297149276787
SML_20_186	0.0001404494382022472
SML_20_189	0.00028686173264486515
SML_20_190	0.000140964195094446
SML_20_191	0.0005611672278338945
SML_20_192	0.0
SML_20_193	0.00014088475626937165
SML_20_194	0.0
SML_20_195	0.00042140750105351877
SML_20_196	0.00014040999719180006
SML_20_198	0.0
SML_20_199	0.00014128284826222097
SML_20_200	0.0002806229830223095
SML_20_297	0.0
SML_20_309	0.0005610885117127227
SML_20_366_1	0.00014019346698443852
SML_20_366	0.00014021312394840157
SML_20_375	0.000140964195094446
SML_20_394	0.0002944640753828033
SML_20_395	0.00014465499783017504
SML_20_396	0.0
SnowSlo_21_01	0.00014936519790888724
SnowSlo_21_02	0.0005621135469364812
SnowSlo_21_03	0.00014396775122372588
SnowSlo_21_04_1	0.0002808594298553574
SnowSlo_21_04	0.00029895366218236175
SnowSlo_21_05	0.00014110342881332017
SnowSlo_21_06	0.0005617188597107148
SnowSlo_21_07	0.000562271577171774
SnowSlo_21_08	0.0005624296962879641
SnowSlo_21_09	0.000560931145701865
SnowSlo_21_10	0.0007013606396409033
SnowSlo_21_11	0.0
SnowSlo_21_12	0.000280662363177098
SnowSlo_21_13	0.0014146272457207527
SnowSlo_21_14	0.00014027212792818068
SnowSlo_21_15	0.00029239766081871346
SnowSlo_21_16	0.0001408252358822701
SnowSlo_21_17	0.0005617977528089888
SnowSlo_21_18	0.0002808988764044944
SnowSlo_21_20	0.0004214667041303737
SnowSlo_21_21	0.00015590894917368256
SnowSlo_21_22	0.00014126289023873428
SnowSlo_21_25	0.0002810567734682406
SnowSlo_21_26	0.0001405283867341203
SnowSlo_21_27	0.0
SnowSlo_21_28	0.0004210526315789474
SnowSUp_21_01	0.0
SnowSUp_21_02	0.0
SnowSUp_21_03	0.0001413627367825841
SnowSUp_21_04	0.0
SnowSUp_21_05	0.0
SnowSUp_21_06	0.00014074595355383532
SnowSUp_21_07	0.0003051571559353067
SnowSUp_21_08	0.00014210601108426886
SnowSUp_21_11	0.0021216407355021216
SnowSUp_21_12	0.00014332807797047442
SnowSUp_21_13	0.0003136762860727729
SnowSUp_21_14	0.0021031968592260235
SnowSUp_21_15	0.00014094432699083862
SnowSUp_21_16	0.0008421052631578948
SnowSUp_21_17	0.00238864690178446
SnowSUp_21_18	0.00014025245441795232
SnowSUp_21_19	0.001408649105507818
SnowSUp_21_20	0.0012622720897615708
SnowSUp_21_21	0.0005633009435290804
SnowSUp_21_22	0.0
SnowSUp_21_23	0.0
SnowSUp_21_24	0.000281928390188892
SnowSUp_21_25	0.0
SnowSUp_21_26	0.0
SnowSUp_21_27	0.00014074595355383532
SnowSUp_21_28	0.0005640157924421884
SnowSUp_21_29	0.00014076576576576576
SR_HL_0507	0.0014078558355624384
SR_HL_0525	0.0010027216731127346
SR_HL_0526	0.0008804108584005869
SR_HL_0528	0.0008734895909157083
SR_HL_0536	0.0011405759908753922
StahlSS21_001	0.0
StahlSS21_002	0.0
StahlSS21_003	0.0
StahlSS21_004	0.0
StahlSS21_005	0.0
StahlSS21_006	0.0
StahlSS21_007	0.0002952465308532625
StahlSS21_008	0.0006190034045187249
StahlSS21_009	0.0001506931886678722
StahlSS21_010	0.0
StahlSS21_011	0.0001577287066246057
StahlSS21_013	0.0
StahlSS21_014	0.00019033117624666921
StahlSS21_016	0.00015323322096230462
StahlSS21_017	0.0
StahlSS21_018	0.000315357931251971
StahlSS21_021	0.0
StahlSS21_022	0.0
StahlSS21_023	0.0
StahlSS21_024	0.0
StahlSS21_025	0.0
StahlSS21_026	0.0
StahlSS21_027	0.0
StahlSS21_028	0.0
StahlSS21_029	0.00016113438607798906
StahlSS21_030	0.0
StahlSS21_031	0.0
StahlSS21_032	0.0
StahlSS21_033	0.0
StahlSS21_034	0.0
StahlSS21_035	0.00016329196603527107
StahlSS21_036	0.00015644555694618273
StahlSS21_037	0.0003399626041135475
StahlSS21_038	0.000160926939169617
StahlSS21_040	0.0
StahlSS21_041	0.0
StahlSS21_042	0.0001501726986033939
StahlSS21_043	0.0
StahlSS21_044	0.00015787811809283233
StahlSS21_045	0.0
StahlSS21_046	0.0
StahlSS21_048	0.0
StahlSS21_050	0.00014963339817447254
StahlSS21_052	0.0
StahlSS21_053	0.0001726817475392851
StahlSS21_054	0.0003780718336483932
StahlSS21_056	0.0
StahlSS21_058	0.0
StahlSS21_061	0.0003098853424233034
StahlSS21_062	0.0
StahlSS21_063	0.0
StahlSS21_064	0.0
StahlSS21_065	0.0
StahlSS21_067	0.00015337423312883436
StahlSS21_068	0.00018385732671446958
StahlSS21_069	0.0001549426712116517
StahlSS21_071	0.0
StahlSS21_072	0.0
StahlSS21_073	0.0
StahlSS21_074	0.0
StahlSS21_075_1	0.00016739203213927018
StahlSS21_075	0.0001734304543877905
StahlSS21_076	0.0003178639542275906
StahlSS21_077	0.0
StahlSS21_079	0.0001543448062972681
StahlSS21_081	0.0
StahlSS21_082	0.0003193357815743254
StahlSS21_083	0.0
StahlSS21_084	0.0
StahlSS21_085	0.0
StahlSS21_086	0.00017322016282695306
StahlSS21_087	0.0
StahlSS21_088_1	0.0
StahlSS21_088	0.0
StahlSS21_089	0.00015375153751537516
StahlSS21_090	0.0
StahlSS21_091	0.0001792435920415845
StahlSS21_092	0.0
StahlSS21_093	0.00015151515151515152
StahlSS21_094	0.00030755036137167463
StahlSS21_095	0.0
StahlSS21_096	0.00015600624024960998
StahlSS21_097	0.0
StahlSS21_099	0.00020255215718047398
StahlSS21_102	0.0
StahlSS21_103	0.0
Star_11_292	0.0
Star_11_293	0.005159332321699545
Star_11_295	0.0068523108324828694
Star_11_296	0.00016412276382734285
Star_11_297	0.00659408066247508
STHD_13_419	0.0015915963711602738
STHD_17_9436	0.0008357011532675915
STHD_17_9483	0.0009226510841150238
STHD_17_9508	0.0007720815318097591
Sull_SS17_169	0.0007020499859590003
SWH4_23_63	0.00042241622078287804
TC_15_05	0.0
TC_15_12	0.000427715996578272
TeigeW30_12_01	0.0001413827230312456
TeigeW30_12_02	0.00014110342881332017
TeigeW30_12_03	0.0001407063458561981
TeigeW30_12_04	0.0001410238330277817
TeigeW30_12_05	0.0
TeigeW30_12_06	0.0001413627367825841
Ten_Sleep014	0.0005688282138794084
TenSleep_16_43	0.0
TenSleep_16_44	0.0
TenSleep_16_45	0.0
TenSleep_16_46	0.0
Troy_11_05	0.000741839762611276
Troy_11_06	0.0027256208358570565
Troy_11_14	0.0013196480938416422
Troy_11_17	0.007174630506528914
Troy_11_22	0.006975730271762825
Troy_11_23	0.01001357773251867
Troy_11_29	0.0006391818472355385
TS_014	0.0008819638394825813
UA11_23_011	0.00042188159189987344
UA11_23_038	0.0
UA11_23_039	0.0
UA11_23_040	0.0
UA11_23_041	0.00028153153153153153
UA11_23_042	0.00014027212792818068
UA11_23_057	0.00014060742407199101
UA11_23_058	0.00014808233377758035
UA11_23_059	0.00028145229383619476
UA11_23_060	0.0
UA11_23_061	0.0004267425320056899
UA11_23_062	0.00014064697609001407
UA11_23_139	0.0
UA9_18_01	0.00014040999719180006
UA9_18_02	0.00028698522026115655
UA9_18_03	0.0
UA9_18_04	0.001225114854517611
UA9_18_05	0.00028109627547435
UA9_18_06	0.00042170368287883047
UA9_18_07	0.0006458905215565962
UA9_18_08	0.0002810567734682406
UA9_18_09_1	0.0
UA9_18_09	0.0
UA9_18_10	0.00014112334180073385
UA9_18_11	0.0002875629043853343
UA9_18_12	0.0
UA9_18_13	0.0
UA9_18_14	0.00014843402107763098
UM42	0.00043122035360068997
UM_NA_18	0.0007026419336706015
UM_NA_42	0.0005631423342249754
UN76_22_01	0.0001409046075806679
UN76_22_02	0.0
UN76_22_03	0.0
UNFR35_15_634	0.0
UNFR35_15_635	0.0
UNFR35_15_639	0.00015060240963855423
UNFR38_15_390	0.0
UNFR38_15_391	0.0
UNFR38_15_392	0.00014553922282055013
UNFR58_15_593	0.0
UNFR58_15_596	0.0
UNFR58_15_603	0.0
UNFR58_15_606	0.00014166312508853945
UNFR61_15_408	0.0
UNFR61_15_411	0.0001405678942929435
UNFR61_15_412	0.0
UNFR66_15_631	0.0001411631846414455
UpperCedarLk_20_011	0.0005795421616922632
UpperCedarLk_20_012	0.0019656019656019656
UpperCedarLk_20_014	0.003400354819633353
UpperCedarLk_20_015	0.0007631257631257631
UpperCedarLk_20_016	0.0010140518615094887
UpperCedarLk_20_017	0.001324942033786022
UpperCedarLk_20_018	0.002438324727481354
UpperCedarLk_20_019	0.0007152052639107423
UpperCedarLk_20_021	0.0011321822813472968
UpperCedarLk_20_022	0.0009188361408882082
UpperCedarLk_20_023	0.0007692307692307692
UpperCedarLk_20_024	0.0015891360878358856
UpperCedarLk_20_025	0.0010515247108307045
UpperCedarLk_20_026	0.0005713469504356521
UpperCedarLk_20_027	0.000737571913261543
UpperCedarLk_20_028	0.0035709184402228254
UpperCedarLk_20_029	0.0021431633090441492
UpperCedarLk_20_030	0.0008830022075055188
UpW_17_07	0.0
UpW_17_08	0.0
UpW_17_09	0.0
UpW_17_10	0.0
UpW_17_11	0.0
UpW_17_12	0.0
UpW_17_13	0.00014066676044450696
UpW_17_14	0.0
UpW_17_15	0.0
UpWampus_17_01	0.0
UpWampus_17_02_1	0.0
UpWampus_17_02	0.00014652014652014652
UpWampus_17_03	0.0
UpWampus_17_04	0.0
UpWampus_17_05	0.0
UpWampus_17_06	0.0
UWH01_22_02	0.0
W12_12_01	0.00014729709824716454
W_14_008	0.00014144271570014144
W_14_015	0.0002808594298553574
W_14_038	0.0
W_14_111	0.00029403116730373417
W_14_113	0.0002806229830223095
W_14_302	0.0
W3_21_01	0.0
W42_12_02	0.0
W46_12_01	0.00014359563469270534
W46_12_02	0.0
W52_12_03	0.0
W52_12_04	0.0001406271972999578
Washoe13_02	0.0009062075215224287
WB_CB_0002	0.00014208581983518045
WB_MO_0001	0.0002818092151613358
Weasel_04_443	0.00269496378642412
Weigle_17_075	0.0
Weigle_17_076	0.0
Weigle_17_079	0.0
Weigle_17_083	0.0
Weigle_17_084	0.0
Weigle_17_086	0.0
Weigle_17_087	0.0
Weigle_17_088	0.0
Willow_04_221	0.00347473577530042
WMCC_14_01	0.00014046916701783958
WMCC_14_02	0.0
WMCC_14_03	0.0
WMCC_14_04	0.00014654161781946072
WMCC_14_05	0.0
WMCC_14_06	0.0
WMCC_14_07	0.0
WMCC_14_08	0.0
WMCC_14_09	0.0
WMCC_14_10	0.00015064778547755348
WMCC_14_11	0.000140805406927626
WMCC_14_12	0.0
WMCC_14_13	0.0
WMCC_14_14	0.0
WMCC_14_15	0.0
Wolf_17_241	0.0001463271875914545
Wolf_17_242	0.0
Wolf_17_243	0.0
Wolf_17_244	0.0
Wolf_17_245	0.0
Wolf_17_246	0.0
Wolf_17_247	0.00014847809948032666
Wolf_17_248	0.0
Wolf_17_249	0.00014585764294049007
Wolf_17_250	0.0
Wolf_20_045	0.0
Wolf_24_001	0.0
Wolf_24_002	0.0
Wolf_24_003	0.0
Wolf_24_004	0.0
Wolf_24_005	0.0
Wolf_24_006	0.0
Wolf_24_007	0.0
Wolf_24_008	0.00015260186174271325
Wolf_24_009	0.0
Wolf_24_010	0.0001406271972999578
Wolf_24_011	0.0
Wolf_24_012	0.0
Wolf_24_013	0.0
Wolf_24_014	0.0
Wolf_24_015	0.0
Wolf_24_016	0.0
Wolf_24_017	0.000140805406927626
Wolf_24_018	0.0
Wolf_24_019	0.0
Wolf_24_020	0.0
Wolf_24_021	0.0
Wolf_24_022	0.0
Wolf_24_023	0.0
Wolf_24_024	0.0
Wolf_24_025	0.0
Wolf_24_026	0.0
Wolf_24_027	0.00014039028499227853
Wolf_24_028	0.00014188422247446084
Wolf_24_029	0.0
Wolf_24_030	0.0
Wolf_24_031	0.0
Wolf_24_032	0.0
Wolf_24_033	0.0
Wolf_24_034	0.0001410238330277817
Wolf_24_035	0.00014182385477237272
Wolf_24_036	0.0
Wolf_24_037	0.0
Wolf_24_038	0.0
Wolf_24_039	0.0
Wolf_24_040	0.0
Wolf_24_041	0.0
Wolf_24_042	0.0
Wolf_24_043	0.0
Wolf_24_044	0.0
Wolf_24_045	0.0
Wolf_24_046	0.0
Wolf_24_047	0.0
Wolf_24_048	0.0
Wolf_24_050	0.0
Wolf_24_051	0.0
Wolf_24_052	0.0
Wolf_24_055	0.0
Wolf_24_056	0.0
Wolf_24_057	0.0
Wolf_24_058	0.0
Wolf_24_059	0.0
Wolf_24_060	0.0
Wolf_24_061	0.0
Wolf_24_062	0.0
Wolf_24_063	0.0
Wolf_24_065	0.0
Wolf_24_066	0.0
Wolf_24_067	0.0
Wolf_24_068	0.0
Wolf_24_069	0.0
Wolf_24_070	0.0
Wolf_24_071	0.00014200511218403862
Wolf_24_072	0.0
Wolf_24_073	0.0
Wolf_24_074	0.0
Wolf_24_075	0.0
Wolf_24_076	0.0001584786053882726
Wolf_24_077	0.0
Wolf_24_078	0.0
Wolf_24_079	0.0
Wolf_24_080	0.0
Wolf_24_081	0.0
Wolf_24_082	0.0
Wolf_24_083	0.0
Wolf_24_084	0.0
Wolf_24_085	0.0
Wolf_24_086	0.0
Wolf_24_087	0.0
Wolf_24_088	0.0
Wolf_24_089	0.0
Wolf_24_090	0.0
Wolf_24_091	0.0
Wolf_24_092	0.0
Wolf_24_093	0.0
Wolf_24_094	0.0
Wolf_24_095	0.0
Wolf_24_096	0.0
Wolf_24_097	0.0
Wolf_24_098	0.0
Wolf_24_099	0.0
Wolf_24_100	0.0
Wolf_24_101	0.0
Wolf_24_102	0.0
Wolf_24_103	0.0
Wolf_24_104	0.0
Wolf_24_105	0.0
Wolf_24_106	0.0
Wolf_24_107	0.0
Wolf_24_108	0.0
Wolf_24_109	0.0
Wolf_24_110	0.0
Wolf_24_111	0.0
Wolf_24_112	0.0
Wolf_24_113	0.0
Wolf_24_114	0.0
Wolf_24_115	0.00014330753797649757
Wolf_24_116	0.0
Wolf_24_117	0.0
Wolf_24_118	0.0
Wolf_24_119	0.0
Wolf_24_120	0.0
Wolf_24_121	0.0
Wolf_24_122	0.0
Wolf_24_123	0.0
Wolf_24_124	0.0
Wolf_24_125	0.0
Wolf_24_126	0.0
Wolf_24_127	0.0
Wolf_24_128	0.0
Wolf_24_129	0.0
Wolf_24_130	0.0
Wolf_24_131	0.0
Wolf_24_132	0.0
Wolf_24_133	0.0
Wolf_24_134	0.0
Wolf_24_135	0.0
WolfCreek_20_001	0.0
WolfCreek_20_002	0.0
WolfCreek_20_003	0.0
WolfCreek_20_004	0.0
WolfCreek_20_005	0.0
WolfCreek_20_006	0.0
WolfCreek_20_007	0.0
WolfCreek_20_008	0.0
WolfCreek_20_009	0.0001419849495953429
WolfCreek_20_010	0.0
WolfCreek_20_011	0.0
WolfCreek_20_012	0.0
WolfCreek_20_013	0.0
WolfCreek_20_014	0.0
WolfCreek_20_015	0.0
WolfCreek_20_016	0.0
WolfCreek_20_017	0.0
WolfCreek_20_018	0.0
WolfCreek_20_019	0.0
WolfCreek_20_020	0.0
WolfCreek_20_021	0.0
WolfCreek_20_022	0.0
WolfCreek_20_023	0.0
WolfCreek_20_025	0.0
WolfCreek_20_026	0.0
WolfCreek_20_027	0.0
WolfCreek_20_028	0.0
WolfCreek_20_029	0.0
WolfCreek_20_030	0.0
WolfCreek_20_031	0.0
WolfCreek_20_032	0.00014046916701783958
WolfCreek_20_033	0.0
WolfCreek_20_034	0.0
WolfCreek_20_035	0.0
WolfCreek_20_036	0.0
WolfCreek_20_037	0.0
WolfCreek_20_038	0.0
WolfCreek_20_039	0.0
WolfCreek_20_040	0.0
WolfCreek_20_041	0.0
WolfCreek_20_042	0.00014130281192595732
WolfCreek_20_043	0.0
WolfCreek_20_044	0.0
WolfCreek_20_045	0.0
WolfCreek_20_046	0.0
WolfCreek_20_047	0.0
WolfCreek_20_048	0.0
WolfCreek_20_049	0.0001404297149276787
WolfCreek_20_050	0.0
WolfCreek_20_051	0.0
WolfCreek_20_052	0.0
WolfCreek_20_053	0.0
WolfCreek_20_055	0.0
WolfCreek_20_056	0.0
WolfCreek_20_057	0.0
WolfCreek_20_058	0.0
WolfCreek_20_059	0.0
WolfCreek_20_060	0.0
WolfCreek_20_061	0.0
WolfCreek_20_062	0.0
WolfCreek_20_063	0.0
WolfCreek_20_064	0.0
WolfCreek_20_065	0.0
WolfCreek_20_066	0.0
WolfCreek_20_067	0.0
WolfCreek_20_068	0.0
WolfCreek_20_069	0.0
WolfCreek_20_070	0.0
WolfCreek_20_071	0.0
WolfCreek_20_072	0.0
WolfCreek_20_073	0.0
WolfCreek_20_074	0.0
WolfCreek_20_075	0.0
WolfCreek_20_076	0.0
WolfCreek_20_077	0.0
WolfCreek_20_078	0.0
WolfCreek_20_080	0.0
WolfCreek_20_081	0.0
WolfCreek_20_082	0.0
WolfCreek_20_083	0.0
WolfCreek_20_084	0.0
WolfCreek_20_085	0.0
WolfCreek_20_086	0.0
WolfCreek_20_087	0.0
WolfCreek_20_088	0.0
WolfCreek_20_089	0.0
WolfCreek_20_090	0.0
WolfCreek_20_091	0.0
WolfCreek_20_092	0.0
WolfCreek_20_093	0.0
WolfCreek_20_094	0.0
WolfCreek_20_095	0.0
WolfCreek_20_096	0.0
WolfCreek_20_097	0.0
WolfCreek_20_098	0.0
WolfCreek_20_099	0.0001406271972999578
WolfCreek_20_100	0.0
YaakRBF_11_265	0.00029167274318214965
YaakRBF_11_282	0.0008105041335710813
YaakRBF_11_283	0.00029244041526538966
YaakRBF_11_284	0.0001457301078402798
YaakRBF_11_286	0.0
YaakRBF_11_287	0.0003191828917969997
YaakRBF_11_288	0.0
YaakRBF_11_289	0.0008972633467922835
YaakRBF_11_290	0.0002972209838014564
Yahk02	0.0002976633427593392
Yahk_09_02	0.00014046916701783958
Yahk0902	0.000281610813855252
YSRCorwin_21_57	0.0010127314814814814
YSRCorwin_21_58	0.0
