	YCT_diagnostic_proportion
Abbot_20_01	0.9996452013482349
Abbot_20_03	0.9998381353188734
Abbot_20_26	0.9986783413183545
AdamsBR3_17_01	1.0
AdamsBR3_17_02	0.9999291885002124
AdamsBR3_17_03	0.9999288560045532
AdamsBR3_17_07	1.0
AdamsBR3_17_09	0.9998596294216732
AdamsBR3_17_11	0.9999270179535834
AdamsBR3_17_12	0.9999297061717981
AdamsBR3_17_13	1.0
AdamsBR3_17_15	0.9999296072082219
AdamsBR3_17_19	1.0
AdamsBR3_17_20	1.0
AdamsBR3_17_22	1.0
AdamsBR3_17_24	0.9999297259311314
AdamsBR3_17_25	0.9998595110986233
AdamsBR3_17_28	0.99992968640135
ARD_20_01	0.9999228395061729
ARD_20_02	0.9998543547917274
ARD_20_03	0.999620809949947
ARD_20_05	0.9995636363636363
ARD_20_06	0.9996489380375636
ARD_20_07	0.9999269859813084
ARD_20_10	0.9997079865673821
ARD_20_11	0.9993329380373555
ARD_20_12	0.9994866529774127
ARD_20_13	0.9995624908852268
ARD_20_14	0.9999271880005824
ARD_20_15	0.9997802841658122
ARD_20_16	0.9996368917937546
ARD_20_17	0.9996529585285442
ARD_20_18	0.9996964177292046
ARD_20_20	0.9993225952130061
ARD_20_21	0.9998413453910836
ARD_20_22	0.9994148624926857
ARD_20_23	0.9994071439158144
ARD_20_24	0.9996195982958004
ARD_20_25	0.9997726239199636
ARD_20_26	0.9998427425695864
ARD_20_27	0.9996362578204568
ARD_20_28	0.9996819338422391
ARD_20_29	0.9997741304020479
ARD_20_30	0.9993465950341223
ARD_20_31	0.9994086339444116
Arlee_06_04	0.9994845360824742
Arlee_06_05	0.9997387214770945
Arlee_06_10	0.9997039668442865
Arlee_06_11	0.9997714111551357
Arlee_06_12	0.9997688395746648
Arlee_06_14	0.9995919699689897
Arlee_06_15	0.9996169756396507
Arlee_06_16	0.9994707394525933
Arlee_06_17	0.9996993837366601
Arlee_06_18	0.9997512025211478
Arlee_06_19	0.9996237206502108
Arlee_06_20	0.9998512568793694
Arlee_06_21	0.9993296588708476
Arlee_06_22	0.9998420969524712
Arlee_06_23	0.9996941428352959
Arlee_06_24	0.9996828920247344
Arlee_08_02	0.999903437620703
Arlee_08_07	0.9994398207426376
Arlee_08_08	0.9993911719939117
Arlee_08_09	0.9996233805363061
Arlee_08_11	0.9997494153023722
Arlee_08_13	0.9996781461216607
Arlee_08_14	0.9995854063018242
Arlee_08_16	0.9998357694202661
Arlee_08_18	0.999459292445543
Arlee_08_20	0.9997769848349688
Arlee_BY21_01_1	0.9994472520530638
Arlee_BY21_01	0.9994674376141205
Arlee_BY21_02	0.9995426132032322
Arlee_BY21_03	0.9998392541392059
Arlee_BY21_04	0.9996173713411135
Arlee_BY21_05	0.9994692144373672
Arlee_BY21_06	0.9993869731800766
Arlee_BY21_07	0.9996273106738223
ArleeBY_21_07	0.9994919436783277
Arlee_BY21_08	0.9996678844237795
Arlee_BY21_09	0.9993387215282881
Arlee_BY21_10	0.9999232540291635
Arlee_BY21_13	1.0
Arlee_BY21_15	0.9996157983709851
Arlee_BY21_17	0.9994712990936556
Arlee_BY21_18	0.9999021717863432
Arlee_BY21_19	0.9995193078032366
Arlee_BY21_20	0.9995421245421245
Arlee_BY21_21	0.9993006993006993
Arlee_BY21_22	0.99930405196412
Arlee_BY21_23	0.9997748423896727
Arlee_BY21_24	0.9994420532440619
Arlee_BY21_25	0.999552706127926
Arlee_BY21_27	0.9999215317011927
Arlee_BY21_29	0.9996497373029772
Arlee_BY21_30	1.0
AT_AB_0228	1.0
AT_AT_0003	1.0
AT_BB_0001	0.999434948439045
AuburnFH_14_23	0.0002882259691598213
AuburnFH_14_24	0.0002149921169557116
AuburnFH_14_25	0.0001429592566118656
AuburnFH_14_26	0.0002149921169557116
AuburnFH_14_43	0.00043115837884449555
AuburnFH_14_44	0.00014419610670511897
AuburnFH_14_45	0.00035898908673176336
AuburnFH_14_46	7.230657989877079e-05
B10_21_17	1.0
Baree_17_121	0.9731127197518097
Baree_17_122	0.9602350786139521
Baree_17_123	0.992303265717163
Baree_17_124	0.9580158264947245
Baree_17_125	0.9672119281991893
Baree_17_126	0.9992605737947353
Baree_17_128	0.9862939445562955
Baree_17_129	0.9982944855031268
Baree_17_130	0.9758890469416786
Baree_17_131	0.9826502927316865
Baree_17_132	0.9736538183918002
Baree_17_133	0.9875434530706837
Baree_17_134	0.9895968790637191
Baree_17_135	0.9994971505196111
Baree_17_136	0.991682337624765
Baree_17_137	0.9924817518248176
Baree_17_138	0.982011270047681
Baree_17_139	0.9729278560023226
Baree_17_140	1.0
Baree_17_141	0.9731766124171187
Baree_17_142	0.9954162353984918
Baree_17_143	0.9945081570020998
Baree_17_144	0.983551673944687
Baree_17_145	0.9987893462469734
Baree_17_146	0.9998513895080993
Baree_17_147	0.9570277529095792
Baree_17_149	0.9987729175689332
Baree_17_150	0.9889624724061811
BC1_23_01	1.0
BC2_23_01	1.0
BC2_23_02	1.0
BC2_23_04	1.0
BC3_23_01	1.0
BC3_23_02	1.0
BCC1_23_01	1.0
BCC1_23_03	1.0
Bear_17_184	1.0
Bear_17_200	1.0
Bear_17_201	1.0
Bear_17_202	1.0
Bear_17_203	1.0
Bear_17_205	1.0
Bear_17_208	1.0
Bear_17_209	1.0
Bear_17_210	1.0
Bear_21_001	1.0
Bear_21_002	1.0
Bear_21_003	1.0
Bear_21_004	1.0
Bear_21_005	0.9999295576218653
Bear_21_006	1.0
Bear_21_007	0.9999298737727911
Bear_21_008	1.0
Bear_21_009	1.0
Bear_21_010	1.0
Bear_21_011	1.0
Bear_21_013	0.9999296171171171
Bear_21_014	1.0
Bear_21_015	0.9999288762446658
Bear_21_016	0.9999295873820588
Bear_21_017	1.0
Bear_21_018	1.0
Bear_21_019	1.0
Bear_21_021	0.9999293785310734
Bear_21_022	1.0
Bear_21_023	1.0
Bear_21_024	1.0
Bear_21_026	0.9999285918309054
Bear_21_027	0.9998594913587185
Bear_21_028	0.9998593332395554
Bear_21_029	0.9999285408032014
Bear_21_030	1.0
Bear_21_031	0.9999295079655999
Bear_21_032	0.999789029535865
Bear_21_033	1.0
Bear_21_034	1.0
Bear_21_035	0.999929348594037
Bear_21_036	0.9999298540965208
Bear_21_037	0.9998586372632174
Bear_21_038	0.9997783032811114
Bear_21_039_1	1.0
Bear_21_039	1.0
Bear_21_040	0.9999267291910903
Bear_21_041	1.0
Bear_21_042	1.0
Bear_21_043	0.9999296666197778
Bear_21_044	0.999929676511955
Bear_21_045	0.9997177533163986
Bear_21_046	1.0
Bear_21_047	1.0
Bear_21_048	0.9999287850733514
Bear_21_049	0.9999298540965208
Bear_21_050	1.0
Bear_21_051	1.0
Bear_21_052	0.9999288256227759
Bear_21_053	1.0
Bear_21_054	1.0
Bear_21_055	1.0
Bear_21_056	1.0
Bear_21_057	1.0
Bear_21_058	1.0
Bear_21_061	1.0
Bear_21_062	1.0
Bear_21_063	1.0
Bear_21_064	0.9999295576218653
Bear_21_065	0.9998573669947226
Bear_21_066	0.9997092600668702
Bear_21_067	0.9999294383290996
Bear_21_068	0.9999292586304471
Bear_21_069	0.9999273150167175
Bear_21_070	0.9999283564980657
Bear_21_071	1.0
Bear_21_072	0.9999234068627451
Bear_21_073	0.9999296369265409
Bear_21_074	0.9999253619943275
Bear_21_075	1.0
Bear_21_076	1.0
Bear_21_077	1.0
Bear_21_078	1.0
Bear_21_079	0.9999284897025171
Bear_21_080	1.0
Bear_21_081	1.0
Bear_21_083	1.0
Bear_21_084	1.0
Bear_21_086	0.999929676511955
Bear_21_087	0.9997889998593332
Bear_21_088	1.0
Bear_21_089	1.0
Bear_21_090	0.9999215070643642
Bear_21_091	1.0
Bear_21_092	0.999923159674197
Bear_21_094	0.9999266969652544
Bear_21_095	0.999929696287964
Bear_21_096	0.999842940160201
Bear_21_097	1.0
Bear_21_098	0.9999271561771562
Bear_21_099	0.9999298245614036
Bear_21_100	0.9999253731343284
Bear_21_101	1.0
Bear_21_102	1.0
Bear_21_103	1.0
Bear_24_001	1.0
Bear_24_002_1	1.0
Bear_24_002	1.0
Bear_24_003	1.0
Bear_24_004	0.999927766541462
Bear_24_005	1.0
Bear_24_007	1.0
Bear_24_008	1.0
Bear_24_009	1.0
Bear_24_012	1.0
Bear_24_013	1.0
Bear_24_014	1.0
Bear_24_015	1.0
Bear_24_016	0.9999295476962097
Bear_24_017	1.0
Bear_24_018	1.0
Bear_24_019	1.0
Bear_24_020	1.0
Bear_24_021	1.0
Bear_24_022	1.0
Bear_24_023	1.0
Bear_24_024	1.0
Bear_24_025	1.0
Bear_24_027	1.0
Bear_24_028	1.0
Bear_24_029	1.0
Bear_24_030	1.0
Bear_24_031_1	0.9999296270232231
Bear_24_031	1.0
Bear_24_032_1	1.0
Bear_24_032	1.0
Bear_24_033_1	1.0
Bear_24_033	1.0
Bear_24_034_1	1.0
Bear_24_034	1.0
Bear_24_035_1	0.99992968640135
Bear_24_035	1.0
Bear_24_036_1	1.0
Bear_24_036	1.0
Bear_24_037_1	1.0
Bear_24_037	1.0
Bear_24_038_1	0.9999250262408157
Bear_24_038	1.0
Bear_24_039	1.0
Bear_24_040	1.0
Bear_24_041	0.9998315647633484
Bear_24_042	1.0
Bear_24_043	1.0
Bear_24_044	1.0
Bear_24_045	1.0
Bear_24_046	1.0
Bear_24_047	1.0
Bear_24_048	0.9999259588331112
Bear_24_049	1.0
Bear_24_050	1.0
Bear_24_051	1.0
Bear_24_052	1.0
Bear_24_053	1.0
Bear_24_054	1.0
Bear_24_055	1.0
Bear_24_056	0.9999257499257499
Bear_24_057	1.0
Bear_24_058	1.0
Bear_24_059	1.0
Bear_24_060	1.0
Bear_24_061	1.0
Bear_24_062	1.0
Bear_24_063	1.0
Bear_24_064	1.0
Bear_24_065	1.0
Bear_24_066	1.0
Bear_24_067	1.0
Bear_24_068	1.0
Bear_24_069	1.0
Bear_24_070	0.9999285612230319
Bear_24_071	1.0
Bear_24_072	1.0
Bear_24_073	1.0
Bear_24_074	1.0
Bear_24_075	1.0
Bear_24_076	1.0
Bear_24_077	0.9999297851425362
Bear_24_078	0.9999295675447246
Bear_24_079	1.0
Bear_24_080	1.0
Bear_24_081	1.0
Bear_24_082	1.0
Bear_24_083	1.0
Bear_24_084	1.0
Bear_24_086	1.0
Bear_24_087	1.0
Bear_24_088	1.0
Bear_24_089	1.0
Bear_24_090	1.0
Bear_24_091	1.0
Bear_24_092	1.0
Bear_24_093	1.0
Bear_24_094	1.0
Bear_24_095	1.0
Bear_24_096	1.0
Bear_24_097	1.0
Bear_24_098	1.0
Bear_24_100	1.0
Bear_24_101	1.0
Bear_24_102	1.0
Bear_24_105	1.0
BearCreek_20_001	0.9998581962563812
BearCreek_20_002	0.9998594123435962
BearCreek_20_003	0.9999296171171171
BearCreek_20_004	0.9998443821973234
BearCreek_20_006	1.0
BearCreek_20_007	1.0
BearCreek_20_008	1.0
BearCreek_20_009	1.0
BearCreek_20_010	0.9999283975368752
BearCreek_20_011	0.9999292586304471
BearCreek_20_012	1.0
BearCreek_20_013	0.999923896499239
BearCreek_20_014	0.9999290075252023
BearCreek_20_015	1.0
BearCreek_20_016	1.0
BearCreek_20_017	1.0
BearCreek_20_018	0.9997894145725116
BearCreek_20_019	1.0
BearCreek_20_020	1.0
BearCreek_20_021	1.0
BearCreek_20_023	0.9999279538904899
BearCreek_20_024	1.0
BearCreek_20_025	1.0
BearCreek_20_026	1.0
BearCreek_20_027	0.9998592342342343
BearCreek_20_028	0.9999298639360359
BearCreek_20_029	0.99992927864215
BearCreek_20_030	0.9999280057595392
BearCreek_20_031	0.9999297555493116
BearCreek_20_032	1.0
BearCreek_20_033	0.9999292886437562
BearCreek_20_034	0.999929765416491
BearCreek_20_035	1.0
BearCreek_20_036	0.9999295079655999
BearCreek_20_037	1.0
BearCreek_20_038	1.0
BearCreek_20_039	1.0
BearCreek_20_040	0.9999293386093838
BearCreek_20_041	1.0
BearCreek_20_042	1.0
BearCreek_20_043	1.0
BearCreek_20_044	1.0
BearCreek_20_045	0.9999298442542445
BearCreek_20_046	0.9999285510145756
BearCreek_20_047	1.0
BearCreek_20_048	0.9999297950014041
BearCreek_20_049	0.9998579747195001
BearCreek_20_050	1.0
BearCreek_20_051	1.0
BearCreek_20_052	1.0
BearCreek_20_053	0.9999292185730464
BearCreek_20_054	0.9999295972965362
BearCreek_20_055	1.0
BearCreek_20_056	0.999858777008897
BearCreek_20_057	0.9999294383290996
BearCreek_20_058	1.0
BearCreek_20_059	1.0
BearCreek_20_060	1.0
BearCreek_20_061	1.0
BearCreek_20_062	0.999929696287964
BearCreek_20_063	1.0
BearCreek_20_064	1.0
BearCreek_20_065	0.9999296666197778
BearCreek_20_066	0.9999297358066329
BearCreek_20_067	0.999857244825125
BearCreek_20_068	0.9999297950014041
BearCreek_20_069	1.0
BearCreek_20_070	0.9997892962494732
BearCreek_20_071	1.0
BearCreek_20_072	1.0
BearCreek_20_073	1.0
BearCreek_20_074	1.0
BearCreek_20_075	1.0
BearCreek_20_076	1.0
BearCreek_20_077	1.0
BearCreek_20_078	1.0
BearCreek_20_079	1.0
BearCreek_20_080	1.0
BearCreek_20_081	0.999929118230791
BearCreek_20_082	1.0
BearCreek_20_083	0.9999040307101728
BearCreek_20_084	0.9999179655455291
BearCreek_20_085	0.9997879558948262
BearCreek_20_087	0.9999280885948512
BearCreek_20_089	0.9999291684374557
BearCreek_20_090	0.9998589363803075
BearCreek_20_091	1.0
BearCreek_20_092	0.9999282742791565
BearCreek_20_093	1.0
BearCreek_20_094	1.0
BearCreek_20_095	1.0
BearCreek_20_096	1.0
BearCreek_20_097	1.0
BearCreek_20_098	1.0
BearCreek_20_099	1.0
BearCreek_20_100	0.999929696287964
BearNF_23_17	0.011230986911920765
BearUp_22_01	1.0
BearUp_22_02_1	1.0
BearUp_22_02	1.0
BearUp_22_03	1.0
BearUp_22_04	1.0
BearUp_22_05	1.0
BearUp_22_06	1.0
BearUp_22_07	0.9999298147108366
BearUp_22_08	1.0
BearUp_22_09	1.0
BearUp_22_100	1.0
BearUp_22_101	0.9999290981281905
BearUp_22_103	1.0
BearUp_22_105	1.0
BearUp_22_106	1.0
BearUp_22_107	1.0
BearUp_22_108	1.0
BearUp_22_109	1.0
BearUp_22_10	1.0
BearUp_22_110	1.0
BearUp_22_111	1.0
BearUp_22_112	1.0
BearUp_22_113	1.0
BearUp_22_114	1.0
BearUp_22_115	0.9999298344092057
BearUp_22_116	1.0
BearUp_22_117	1.0
BearUp_22_118	1.0
BearUp_22_119	1.0
BearUp_22_11	1.0
BearUp_22_120	0.9999296369265409
BearUp_22_121	1.0
BearUp_22_12	1.0
BearUp_22_13	1.0
BearUp_22_14	1.0
BearUp_22_15	1.0
BearUp_22_16	1.0
BearUp_22_17	1.0
BearUp_22_18	1.0
BearUp_22_19	0.9999298147108366
BearUp_22_20	1.0
BearUp_22_21	1.0
BearUp_22_22	1.0
BearUp_22_23	1.0
BearUp_22_24	1.0
BearUp_22_25	1.0
BearUp_22_26	1.0
BearUp_22_27	1.0
BearUp_22_28	1.0
BearUp_22_29	1.0
BearUp_22_30	1.0
BearUp_22_31	1.0
BearUp_22_32	1.0
BearUp_22_33	1.0
BearUp_22_34	1.0
BearUp_22_35	1.0
BearUp_22_36	1.0
BearUp_22_37	1.0
BearUp_22_39	1.0
BearUp_22_41	1.0
BearUp_22_44	1.0
BearUp_22_45	1.0
BearUp_22_46	1.0
BearUp_22_47	0.9999298048575038
BearUp_22_48	1.0
BearUp_22_49	1.0
BearUp_22_50	1.0
BearUp_22_51	1.0
BearUp_22_52	1.0
BearUp_22_54	1.0
BearUp_22_55	1.0
BearUp_22_56	1.0
BearUp_22_59	1.0
BearUp_22_60	1.0
BearUp_22_61	1.0
BearUp_22_62	1.0
BearUp_22_63	1.0
BearUp_22_64	1.0
BearUp_22_65	1.0
BearUp_22_66	1.0
BearUp_22_67	1.0
BearUp_22_68	1.0
BearUp_22_69	1.0
BearUp_22_70	1.0
BearUp_22_71	1.0
BearUp_22_72	1.0
BearUp_22_73	0.9999285816311956
BearUp_22_74	1.0
BearUp_22_75	1.0
BearUp_22_77	1.0
BearUp_22_78	1.0
BearUp_22_80	0.9999293386093838
BearUp_22_81	1.0
BearUp_22_82	1.0
BearUp_22_83	1.0
BearUp_22_84	1.0
BearUp_22_85	1.0
BearUp_22_86	0.9999293386093838
BearUp_22_87	1.0
BearUp_22_88	1.0
BearUp_22_89	1.0
BearUp_22_90	1.0
BearUp_22_91	1.0
BearUp_22_92	1.0
BearUp_22_93	1.0
BearUp_22_94	1.0
BearUp_22_95	1.0
BearUp_22_96	1.0
BearUp_22_97	1.0
BearUp_22_98	1.0
BearUp_22_99	1.0
Beetle_23_421	1.0
Beetle_23_422	1.0
Beetle_23_423	1.0
Beetle_23_424	1.0
Beetle_23_425	1.0
Beetle_23_426	1.0
Beetle_23_427	1.0
Beetle_23_428	1.0
Beetle_23_429	1.0
Beetle_23_430	1.0
Beetle_23_431	1.0
Beetle_23_432	1.0
Beetle_23_433	1.0
Beetle_23_434	1.0
Beetle_23_435	1.0
Beetle_23_436	1.0
Beetle_23_437	0.9999293685548807
Beetle_23_438	1.0
Beetle_23_439	1.0
Beetle_23_440	1.0
Beetle_23_441	1.0
Beetle_23_442	1.0
Beetle_23_443	1.0
Beetle_23_444	0.9997145711431425
Beetle_23_445	0.9998588368153586
Beetle_23_446	1.0
Beetle_23_447	0.9998592342342343
Beetle_23_448	1.0
Beetle_23_449	0.9999291483633272
Beetle_23_450	1.0
Berry_04_124	0.0005810575246949448
BF_03_243	0.00035688793718772306
BigTimber10_43	0.01687402799377916
BigTimber10_44	0.006681994539445323
BigTimber10_45	0.03651807753738928
BigTimber10_46	0.016264276420413473
Bobtail_11_232	0.9998216515070447
Bobtail_11_240	0.9977401129943503
Bram_17_01	1.0
Bram_17_02	0.9997753818508536
Bram_17_03	1.0
Bram_17_04	0.9999257719714965
Bram_17_05	1.0
Bram_17_06	1.0
Bram_17_07	1.0
Bram_17_08	1.0
Bram_17_09	1.0
Bram_17_10	1.0
Bram_17_11	1.0
Bram_17_12	1.0
Bram_17_13	0.9997834872979214
Bram_17_14	1.0
Bram_17_15	0.9997845446710716
Bram_17_16	1.0
Bram_17_17	1.0
Bram_17_18	1.0
Bram_17_19	1.0
Bram_17_20	1.0
Bram_17_21	1.0
Bram_17_22	0.9999272621472214
Bram_17_23	1.0
Bram_17_24	1.0
Bram_17_25	1.0
Bram_17_26	1.0
Bram_17_27	1.0
Bram_17_28	1.0
Bram_17_29	1.0
Bram_17_30	1.0
BRAM_19_01	0.8970982494874625
BRAM_19_02	0.8699625791594704
BRAM_19_03	0.9121779859484778
BRAM_19_04	0.8693239152371343
BRAM_19_05	0.8724938698975913
BRAM_19_06	0.8639240506329114
BRAM_19_07	0.894014598540146
BRAM_19_08	0.8799846625766872
BRAM_19_09	0.8979920439477174
BRAM_19_10	0.8984626647144949
BRAM_19_11	0.8981831395348837
BRAM_19_12	0.910248944533411
BRAM_19_13	0.8805118717237126
BRAM_19_14	0.9072598494909252
BRAM_19_15	0.9255884041331802
BRAM_19_16	0.9087458023069062
BRAM_19_17	0.9212634822804314
BRAM_19_18	0.8712514417531718
BRAM_19_19	0.8785180930499713
BRAM_19_20	0.8885410599883518
BRAM_19_21	0.9047397047397048
BRAM_19_22	0.9354579929988331
BRAM_19_23	0.9140136647768571
BRAM_19_24	0.8789449257425742
BRAM_19_25	0.9139204965272647
BRAM_19_26	0.8766594627971597
BRAM_19_27	0.8825192056819829
BRAM_19_28	0.9017805442964678
BRAM_19_29	0.8684735872235873
BRAM_19_30	0.8855094339622641
BULL1_07_03_1	1.0
BULL1_07_03	1.0
BULL1_07_04	0.9997875655006373
BULL1_07_05_1	0.9997846374730797
BULL1_07_05	0.9999236757746909
BULL1_07_06_1	1.0
BULL1_07_06	1.0
BULL1_07_07_1	1.0
BULL1_07_07	1.0
BULL1_07_08_1	1.0
BULL1_07_08	1.0
BULL1_07_09_1	1.0
BULL1_07_09	1.0
BULL1_07_10_1	0.9998593530239099
BULL1_07_10	0.9997895327627333
BULL1_07_14	1.0
BULL1_07_15	0.9998257232485186
BULL1_07_16	0.9996762182289137
BULL1_07_17	1.0
BULL1_07_18	0.9999118942731278
BULL1_07_19	0.9997881954250212
BullLo_15_142	1.0
BullLo_15_143	1.0
BullLo_15_144_1	1.0
BullLo_15_144	1.0
BullLo_15_145	1.0
BullLo_15_146	1.0
BullLo_15_149	1.0
BullLo_15_153	0.9999245510789195
BullLo_15_154	1.0
BullLo_15_155	1.0
BullLo_15_157_1	1.0
BullLo_15_157	0.9999240698557327
BullLo_15_158_1	0.999927766541462
BullLo_15_158	0.9997885238967996
BullLo_15_160_1	1.0
BullLo_15_160	1.0
BullLo_15_161_1	1.0
BullLo_15_161	1.0
BullLo_15_162_1	0.9998586172769688
BullLo_15_162	0.9998587371097613
BullLo_15_163_1	1.0
BullLo_15_163	1.0
BunkerHill_23_301	1.0
BunkerHill_23_302	1.0
BunkerHill_23_303	1.0
BunkerHill_23_304	1.0
BunkerHill_23_305	1.0
BunkerHill_23_306	1.0
BunkerHill_23_307	1.0
BunkerHill_23_308	1.0
BunkerHill_23_309	1.0
BunkerHill_23_310	1.0
BunkerHill_23_311	1.0
BunkerHill_23_312	1.0
BunkerHill_23_313	0.9999293785310734
BunkerHill_23_314	1.0
BunkerHill_23_315	1.0
BunkerHill_23_316	1.0
BunkerHill_23_317	1.0
BunkerHill_23_318	1.0
BunkerHill_23_319_1	1.0
BunkerHill_23_319	1.0
BunkerHill_23_320_1	1.0
BunkerHill_23_320	1.0
BunkerHill_23_321_1	1.0
BunkerHill_23_321	1.0
BunkerHill_23_322_1	1.0
BunkerHill_23_322	1.0
Burnt_23_331_1	1.0
Burnt_23_331	1.0
Burnt_23_332_1	1.0
Burnt_23_332	1.0
Burnt_23_333_1	0.9999295576218653
Burnt_23_333	1.0
Burnt_23_334_1	1.0
Burnt_23_334	1.0
Burnt_23_335	1.0
Burnt_23_336	1.0
Burnt_23_337	1.0
Burnt_23_338	1.0
Burnt_23_339	1.0
Burnt_23_340	1.0
Burnt_23_341	1.0
Burnt_23_342	1.0
Burnt_23_343	1.0
Burnt_23_344	1.0
Burnt_23_345	1.0
Burnt_23_346	1.0
Burnt_23_348	1.0
Burnt_23_349	1.0
Burnt_23_350	1.0
Burnt_23_351	1.0
Burnt_23_352	1.0
Burnt_23_353	1.0
Burnt_23_354	1.0
Burnt_23_355	1.0
Burnt_23_356	1.0
Burnt_23_357	1.0
Burnt_23_358	1.0
Burnt_23_359	1.0
Burnt_23_360	1.0
Cable_17_421	1.0
Cable_17_422	1.0
Cable_17_423	1.0
Cable_17_424	1.0
Cable_17_425	1.0
Cable_17_427	1.0
Cable_17_428	1.0
Cable_17_429	1.0
Cable_17_430	0.9999288256227759
Cable_17_431	1.0
Cable_17_432	1.0
Cable_17_433	1.0
Cable_17_434	1.0
Cable_17_435	1.0
Cable_17_436	1.0
Cable_17_437	1.0
Cable_17_438	0.9999266539533519
Cable_17_439	1.0
Cable_17_440	1.0
Cable_17_441	1.0
Cable_17_443	1.0
Cable_17_444	1.0
Cable_17_445	1.0
Cable_17_446	1.0
Cable_17_447	1.0
Cable_17_448	0.9999184206232664
Cable_17_449	1.0
Cable_17_450	1.0
Callahan17_063	0.9999285510145756
CallahanNF_22_02	0.9997888513513513
CallahanNF_22_04	0.9999283256880734
CallahanNF_22_06	1.0
CallahanNF_22_07	0.999859392575928
CallahanNF_22_08	0.9997677659080353
CallahanNF_22_10	0.9998586172769688
CallahanNF_22_11	0.9999278499278499
CallahanNF_22_12	0.9990048336650554
CallahanNF_22_13	0.999925617375781
CallahanNF_22_14	0.9997888513513513
CallahanNF_22_15	0.9997825771850993
CallahanNF_22_16	0.9999285816311956
CallahanNF_22_17	1.0
CallahanNF_22_18	0.9999213589178987
CallahanNF_22_19	0.9997167540008497
CallahanNF_22_20	1.0
CallahanNF_22_21	0.9999277561046092
CallahanNF_22_22	0.9439433991603172
CallahanNF_22_23	1.0
CallahanNF_22_24	0.9999273783587509
CallahanNF_22_25	0.9997103967564437
CallahanNF_22_26	0.9999281815570239
CallahanNF_22_27	1.0
CallahanNF_22_28	0.9998553450021698
CallahanNF_22_29	1.0
CallahanNF_22_30	0.9999266969652544
CallahanSF_22_01	1.0
CallahanSF_22_02_1	1.0
CallahanSF_22_02	1.0
CallahanSF_22_03	0.9997893258426966
CallahanSF_22_04	0.9999292986425339
CallahanSF_22_05	0.9999292085516069
CallahanSF_22_06	0.9998584571832979
CallahanSF_22_07	0.999858075503832
CallahanSF_22_08	0.9999295476962097
CallahanSF_22_09	0.9998589562764457
CallahanSF_22_10	1.0
CallahanSF_22_11	0.999859432105707
CallahanSF_22_12	0.9998595308329822
CallahanSF_22_13	0.9997886728655959
CallahanSF_22_14	0.9999297061717981
CallahanSF_22_15	0.9998570611778159
CallahanSF_22_16	0.9999296567248172
CallahanSF_22_17	0.9998585772875124
CallahanSF_22_18	0.9997844517890502
CallahanSF_22_19	1.0
CallahanSF_22_20	0.9997889701744513
CallahanSF_22_21	0.9999296468270719
CallahanSF_22_23	0.99992968640135
CallahanSF_22_24	0.9999281299410665
CallahanSF_22_25	1.0
CallahanSF_22_26	1.0
CallahanSF_22_27_1	0.999929118230791
CallahanSF_22_27	0.9999294184076792
CallahanSF_22_28	0.9989461851903892
CallahanSF_22_29	0.9998592144164438
CallahanSF_22_30	0.9997885835095137
Cascade_03_524	7.15922107674685e-05
CedarCreek_20_001	0.9910865874363328
CedarCreek_20_001_R	0.9916343919442293
CedarCreek_20_002	0.9960652051714446
CedarCreek_20_003	0.994375622953154
CedarCreek_20_004	0.9863960113960114
CedarCreek_20_005	0.999361249112846
CedarCreek_20_006	0.9985839705465873
CedarCreek_20_007	0.9986625369562157
CedarCreek_20_008	0.9944852941176471
CedarCreek_20_009	0.9990171300196574
CedarCreek_20_010	0.9994836234877545
CedarCreek_20_011	0.9993380771140162
CedarCreek_20_012	0.9993522383762775
CedarCreek_20_013	0.9995974883271614
CedarCreek_20_014	0.9900662251655629
CedarCreek_20_015	0.9910858995137763
CedarCreek_20_016	0.9996729354047424
CedarCreek_20_017	0.9963967782958881
CedarCreek_20_018	0.9910449866027359
CedarCreek_20_019	0.9984406010774028
CedarCreek_20_020	0.9987987563595252
CedarCreek_20_021	0.9997044043748152
CedarCreek_20_022	0.9985190409026798
CedarCreek_20_023	0.9976066450795439
CedarCreek_20_024	0.9992089745433625
CedarCreek_20_025	0.9981630634449625
CedarCreek_20_026	0.9987029831387808
CedarCreek_20_027	0.9912981455064194
CedarCreek_20_028	0.9995724668661822
CedarCreek_20_030	0.9996332697667596
CedarCreek_20_031	0.9962980466288595
CedarCreek_20_032	0.998972250770812
CedarCreek_20_033	0.9984357224118316
CedarCreek_20_034	0.9976776917663617
CedarCreek_20_035	0.9978141305880693
CedarCreek_20_036	0.9984907670454546
CedarCreek_20_037	0.9986674563221795
CedarCreek_20_038	0.999432543623209
CedarCreek_20_039	0.9917071775807835
CedarCreek_20_040	0.9976673101673101
CedarCreek_20_041	0.9992080633549316
CedarCreek_20_042	0.9980096673301109
CedarCreek_20_043	0.9975872835651434
CedarCreek_20_044	0.9989125368960696
CedarCreek_20_045	0.9947052089295936
CedarCreek_20_046	0.9981599433828733
CedarCreek_20_047	0.9994987109710685
CedarCreek_20_048	0.9970651395848247
CedarCreek_20_049	0.9976786719189645
CedarCreek_20_050	0.9976572483316768
CedarCreek_20_051	0.9976809557273366
CedarCreek_20_052	0.9988023108355644
CedarCreek_20_053	0.9993921500521015
CedarCreek_20_054	0.9990106544901065
CedarCreek_20_055	0.9991158267020336
CedarCreek_20_056	0.9995775242923531
CedarCreek_20_057	0.9873167981961668
CedarCreek_20_058	0.9907459734388245
CedarCreek_20_059	0.9971699448139238
CedarCreek_20_060	0.9960373620152845
CedarCreek_20_061	0.9990798414496036
CedarCreek_20_062	0.9989439594480428
CedarCreek_20_063	0.9970134032634033
CedarCreek_20_064	0.998732215805043
CedarCreek_20_065	0.9991580129104687
CedarCreek_20_066	0.9955533596837944
CedarCreek_20_067	0.9992906795290112
CedarCreek_20_068	0.9977047769330082
CedarCreek_20_069	0.9978577549271637
CedarCreek_20_070	0.9990165776903625
CedarCreek_20_071	0.9997881056646419
CedarCreek_20_072	0.9992265504148502
CedarCreek_20_073	0.9985811577752554
CedarCreek_20_074	0.9991454208802165
CedarCreek_20_075	0.9988043325362217
CedarCreek_20_076	0.9948577063961679
CedarCreek_20_077	0.9955211147447747
CedarCreek_20_078	0.9945797550330846
CedarCreek_20_079	0.9971171424553509
CedarCreek_20_080	0.9990135287485907
CedarCreek_20_081	0.9989479590405387
CedarCreek_20_082	0.9963416350077389
CedarCreek_20_083	0.9975334742776604
CedarCreek_20_084	0.9965938120919671
CedarCreek_20_085	0.9956908731280023
CedarCreek_20_086	0.9950217797137524
CedarCreek_20_087	0.9928128523111612
CedarCreek_20_088	0.9964886613021214
CedarCreek_20_089	0.9985116938341602
CedarCreek_20_090	0.997373161212849
CedarCreek_20_091	0.9995766299745978
CedarCreek_20_092	0.9984140715109573
CedarCreek_20_093	0.9955546147332769
CedarCreek_20_094	0.9995075277895034
CedarCreek_20_094_R	0.9993254384649978
CedarCreek_20_095	0.999507735583685
CedarCreek_20_096	0.9995039682539683
CedarCreek_20_097	0.9993550236491329
CedarCreek_20_098	0.9984541877459246
CedarCreek_20_099	0.9991472427515634
CedarCreek_20_100	0.9995546318289786
CedarCreek_20_101	0.9996465431924219
CedarCreek_20_102	0.9993637777463594
CedarCreek_20_103	0.99963883270731
CedarCreek_20_104	0.9995576526098496
CedarCreek_20_105	0.99936161157611
CedarCreek_20_106	0.9989914997838928
CedarCreek_20_107	0.9997865072587532
CedarCreek_20_108	0.9997758852532497
CedarCreek_20_109	0.9997731740511114
CedarCreek_20_110	0.9977401129943503
CedarCreek_20_111	0.9997891777933943
CedarCreek_20_112	0.999574045151214
CedarCreek_20_113	0.9993635077793493
CedarCreek_20_114	0.999422882700909
CedarCreek_20_115	0.9996480360411094
CedarCreek_20_116	0.9996379959455546
CedarCreek_20_117	0.9998533939305088
CedarCreek_20_118	0.9995060683036975
CedarCreek_20_119	0.998025666337611
CedarCreek_20_120	0.9976022566995769
CFE_20_03	0.9900781719783524
CFE_20_15	0.9992345376607471
CFE_20_20	0.9997109408874115
CFE_20_21	0.999613780318245
CFE_20_27	0.9995645863570392
CH_19_1130	0.9998382662138121
CHA41_22_03	0.9995757318625371
CHA41_22_08	0.9997191405701447
CHA41_22_09	0.9997190616659644
CHA41_22_10	0.99992968640135
Chippy_20_542	0.9990174059517125
Chippy_20_573	0.9990856660571107
Chippy_20_577	0.999225352112676
Chippy_20_596	0.9986614062279836
CO_18_0710	0.9995271867612293
CO_19_1124	0.9997865072587532
CodyMid_21_01	0.9995053003533569
CodyMid_21_02	0.999222175081318
CodyMid_21_03	0.9981638418079096
CodyMid_21_04	0.9960721559499564
CodyMid_21_05	0.9992223950233281
CodyMid_21_07	0.9993584260051326
CodyMid_21_08	0.9990001538224889
CodyMid_21_09	0.9989420228523064
CodyMid_21_10	0.9977397937561803
CodyMid_21_11	0.9992936855488064
CR2	0.999578177727784
CR_NA_01	0.999907868067072
CR_NA_02	0.9997148560022812
Crooked_16_13	0.0
Crooked_16_42	0.0002501667778519013
D107_14_05	1.0
D107_14_06	1.0
D107_14_07	1.0
D107_14_08	1.0
D107_14_09	1.0
D107_14_11	1.0
D107_14_16	1.0
D107_14_17	0.9999297358066329
D107_14_18	1.0
D107_14_19	1.0
D107_14_21	0.9999297752808989
D107_14_22	1.0
D107_14_24	0.9998587969500141
D126_14_02	1.0
D126_14_04	1.0
D126_14_09	1.0
D129_14_01	1.0
D129_14_02	0.9999296369265409
Dam_11_03	0.9997877158222473
Dam_11_04	0.9982097186700767
Dam_11_05	0.9989381282741044
Dam_11_06	0.9983108108108109
Dam_11_07	0.9992971605285352
Dam_11_09	0.9992145774426642
Dam_11_10	0.9956453455168475
Dam_11_11	0.9992279482725342
Dam_11_12	0.9985000882301042
Dam_11_13	0.9996238338850436
Dam_11_14	0.999435267542002
Dam_11_15	0.9996478873239436
Dam_11_16	0.99992968640135
Dam_11_17	0.986643109540636
Dam_11_19	0.9990158864051736
Dam_11_20	0.9982306104393984
Dam_11_21	0.9942722866793949
Dam_11_22	0.9996227553945979
Dam_11_23	0.9995279307631786
Dam_11_24	0.9992950796559988
Dam_11_25	0.9992844876931883
Dam_11_26	0.9987241281542387
Dam_11_27	0.9992183058555998
Dam_11_28	0.999706572769953
Dam_11_29	0.9994384388600309
DeathC_04_284	0.0
Deep_20_07	0.9994073196029042
DocUWH06_22_03	0.999929765416491
DocUWH06_22_05	1.0
DocUWH06_22_06	0.9999298048575038
DocUWH10_22_36	1.0
DocUWH10_22_37	1.0
DocW84_12_01	0.9999295576218653
DocW84_12_02	0.9999295675447246
DocW84_12_03	0.9998593530239099
DocW84_12_04	0.9998594123435962
Dunn_11_003	0.9991054122558521
Dunn_11_004	0.9988503985285101
Dunn_11_006	0.9994792441600953
Dunn_11_009	0.999176769944619
Dunn_11_011	0.9991768931457647
Dunn_11_012	0.9997691597414589
Dunn_11_013	0.9991206214275246
Dunn_11_016	0.9996924023377423
Dunn_11_022	0.9994066790981523
Dunn_11_025	0.9990504826713088
Dunn_11_026	0.9997026169706582
Dunn_11_027	0.9994002099265257
Dunn_11_028	0.9996339677891655
Dunn_11_029	0.9994778457407131
Dunn_11_030	0.9991110233109443
Dunn_11_031	0.9993028659953525
Dunn_11_032	0.9994027176347619
EC1_21_04	1.0
EC1_21_39	1.0
EC1_21_40	1.0
EC1_21_41	1.0
EC1_21_50	0.9999288256227759
EC1_21_51	1.0
EC1_21_52	0.9999292686377139
EC1_21_53	1.0
EC1_21_65	0.9998576917603529
EC1_21_88	0.9999290276792051
EC2_21_05	0.9999292686377139
EC2_21_25	0.9999281815570239
EC2_21_27	0.9998585572842998
EC2_21_35	1.0
EForkYaak_20_001	1.0
EForkYaak_20_002	1.0
EForkYaak_20_003	0.9999298147108366
EForkYaak_20_004	1.0
EForkYaak_20_005	1.0
EForkYaak_20_006	1.0
EForkYaak_20_007	1.0
EForkYaak_20_008	0.9999298048575038
EForkYaak_20_009	1.0
EForkYaak_20_010	1.0
EForkYaak_20_011	0.9999272515640913
EForkYaak_20_012	1.0
EForkYaak_20_013	1.0
EForkYaak_20_014	1.0
EForkYaak_20_015	1.0
EForkYaak_20_016	1.0
EForkYaak_20_017	1.0
EForkYaak_20_018	1.0
EForkYaak_20_019	1.0
EForkYaak_20_020	0.9999291282778171
EForkYaak_20_021	1.0
EForkYaak_20_022	1.0
EForkYaak_20_023	0.9999284282851417
EForkYaak_20_024	1.0
EForkYaak_20_025	1.0
EForkYaak_20_026	0.99992968640135
EForkYaak_20_027	1.0
EForkYaak_20_028	1.0
EForkYaak_20_029	1.0
EForkYaak_20_030	1.0
EForkYaak_20_031	1.0
EForkYaak_20_032	1.0
EForkYaak_20_033	1.0
EForkYaak_20_034	1.0
EForkYaak_20_035	1.0
EForkYaak_20_036	1.0
EForkYaak_20_037	1.0
EForkYaak_20_038	0.9999285408032014
EForkYaak_20_039	1.0
EForkYaak_20_040	1.0
EForkYaak_20_041	1.0
EForkYaak_20_042	1.0
EForkYaak_20_043	1.0
EForkYaak_20_044	1.0
EForkYaak_20_045	1.0
EForkYaak_20_046	1.0
EForkYaak_20_047	1.0
EForkYaak_20_048	1.0
EForkYaak_20_049	1.0
EForkYaak_20_050	0.9999294084427502
EForkYaak_20_051	0.9996450880181715
EForkYaak_20_052	1.0
EForkYaak_20_053	1.0
EForkYaak_20_054	1.0
EForkYaak_20_055	1.0
EForkYaak_20_056	1.0
EForkYaak_20_057	1.0
EForkYaak_20_058	1.0
EForkYaak_20_059	1.0
EForkYaak_20_060	0.9999293186316087
EForkYaak_20_061	1.0
EForkYaak_20_062	1.0
EForkYaak_20_063	0.9999295675447246
EForkYaak_20_064	1.0
EForkYaak_20_065	0.9999281815570239
EForkYaak_20_066	1.0
EForkYaak_20_067	1.0
EForkYaak_20_068	1.0
EForkYaak_20_069	1.0
EForkYaak_20_070	1.0
EForkYaak_20_071	1.0
EForkYaak_20_072	1.0
EForkYaak_20_073	1.0
EForkYaak_20_074	1.0
EForkYaak_20_075	1.0
EForkYaak_20_076	1.0
EForkYaak_20_077	1.0
EForkYaak_20_078	1.0
EForkYaak_20_079	1.0
EForkYaak_20_080	1.0
EForkYaak_20_081	1.0
EForkYaak_20_082	1.0
EForkYaak_20_083	0.9999291985273294
EForkYaak_20_084	1.0
EForkYaak_20_085	1.0
EForkYaak_20_086	1.0
EForkYaak_20_087	1.0
EForkYaak_20_088	1.0
EForkYaak_20_089	1.0
EForkYaak_20_090	1.0
EForkYaak_20_091	1.0
EForkYaak_20_092	0.9998578333807222
EForkYaak_20_093	1.0
EForkYaak_20_094	1.0
EForkYaak_20_095	0.9999260136134951
EForkYaak_20_096	1.0
EForkYaak_20_097	1.0
EForkYaak_20_098	1.0
EForkYaak_20_099	1.0
EForkYaak_20_100	1.0
EForkYaak_20_101	1.0
EFYaak17_275_09	1.0
EFYaak17_275_10	1.0
EFYaak17_275_11	1.0
EFYaak17_275_13	1.0
EFYaak_17_275	1.0
EFYaak_20_085	1.0
EFYaak_21_001	1.0
EFYaak_21_002	1.0
EFYaak_21_003	1.0
EFYaak_21_004	0.9999279123414071
EFYaak_21_005	1.0
EFYaak_21_006	0.9999294283697954
EFYaak_21_007	1.0
EFYaak_21_008	0.9999296369265409
EFYaak_21_009	0.9996492212712221
EFYaak_21_010	1.0
EFYaak_21_011	1.0
EFYaak_21_012	1.0
EFYaak_21_013	1.0
EFYaak_21_014	1.0
EFYaak_21_015	1.0
EFYaak_21_016	1.0
EFYaak_21_017	1.0
EFYaak_21_018	0.9999297259311314
EFYaak_21_019	0.9998587371097613
EFYaak_21_020	1.0
EFYaak_21_021	1.0
EFYaak_21_022	1.0
EFYaak_21_023	1.0
EFYaak_21_024	1.0
EFYaak_21_025	1.0
EFYaak_21_026	0.9999296567248172
EFYaak_21_027	0.9999297851425362
EFYaak_21_028	0.9999297456793593
EFYaak_21_029	0.9999286936679977
EFYaak_21_030	1.0
EFYaak_21_031	1.0
EFYaak_21_032	1.0
EFYaak_21_033	1.0
EFYaak_21_034	1.0
EFYaak_21_035	1.0
EFYaak_21_036	1.0
EFYaak_21_037	1.0
EFYaak_21_038	1.0
EFYaak_21_039	1.0
EFYaak_21_040	1.0
EFYaak_21_041	1.0
EFYaak_21_042	1.0
EFYaak_21_043	1.0
EFYaak_21_044	1.0
EFYaak_21_045	1.0
EFYaak_21_046	0.9999295476962097
EFYaak_21_047	1.0
EFYaak_21_048	1.0
EFYaak_21_049	1.0
EFYaak_21_050	0.9998591549295774
EFYaak_21_051	1.0
EFYaak_21_052	1.0
EFYaak_21_053	1.0
EFYaak_21_054_1	1.0
EFYaak_21_055	1.0
EFYaak_21_056	1.0
EFYaak_21_057	0.9999294980259448
EFYaak_21_058	1.0
EFYaak_21_059	1.0
EFYaak_21_060	1.0
EFYaak_21_061	1.0
EFYaak_21_062	0.9998591350894492
EFYaak_21_063	1.0
EFYaak_21_064	1.0
EFYaak_21_065	0.9999298934380259
EFYaak_21_066	1.0
EFYaak_21_067	1.0
EFYaak_21_068	1.0
EFYaak_21_070	1.0
EFYaak_21_071	1.0
EFYaak_21_072	1.0
EFYaak_21_073	1.0
EFYaak_21_075	1.0
EFYaak_21_076	0.9999288863604039
EFYaak_21_077	1.0
EFYaak_21_078	1.0
EFYaak_21_079	1.0
EFYaak_21_080	1.0
EFYaak_21_081	1.0
EFYaak_21_082	1.0
EFYaak_21_083	1.0
EFYaak_21_084	0.9999268256988145
EFYaak_21_085	0.9999281402701926
EFYaak_21_086	1.0
EFYaak_21_087	1.0
EFYaak_21_088	1.0
EFYaak_21_089	1.0
EFYaak_21_090	1.0
EFYaak_21_091	1.0
EFYaak_21_092	0.9999261120141865
EFYaak_21_093	0.9999293585758688
EFYaak_21_094	1.0
EFYaak_21_095	0.9999296666197778
EFYaak_21_096	0.999929696287964
EFYaak_21_097	1.0
EFYaak_21_098	1.0
EFYaak_21_099	1.0
EFYaak_21_100	1.0
EFYaak_21_101	1.0
EFYaak_21_102	1.0
EFYaak_21_103	0.9999288357529177
EFYaak_21_104	1.0
EFYaak_21_105	1.0
EFYaak_21_106	1.0
EFYaak_21_107	1.0
EFYaak_21_108	1.0
EFYaak_21_109	1.0
EFYaak_21_110	1.0
EFYaak_21_111	1.0
EFYaak_22_001_1	1.0
EFYaak_22_001	1.0
EFYaak_22_002	1.0
EFYaak_22_003	1.0
EFYaak_22_004	1.0
EFYaak_22_005	0.9999277143270204
EFYaak_22_006	1.0
EFYaak_22_008	1.0
EFYaak_22_009	1.0
EFYaak_22_010	1.0
EFYaak_22_012	1.0
EFYaak_22_013	1.0
EFYaak_22_014	1.0
EFYaak_22_015	1.0
EFYaak_22_016	1.0
EFYaak_22_017	1.0
EFYaak_22_018	1.0
EFYaak_22_019	1.0
EFYaak_22_020	0.999929676511955
EFYaak_22_021	1.0
EFYaak_22_022	1.0
EFYaak_22_023	1.0
EFYaak_22_024	1.0
EFYaak_22_025	1.0
EFYaak_22_026	1.0
EFYaak_22_027	1.0
EFYaak_22_028	1.0
EFYaak_22_029	1.0
EFYaak_22_030	1.0
EFYaak_22_031	1.0
EFYaak_22_032	1.0
EFYaak_22_033	1.0
EFYaak_22_035	0.9999298245614036
EFYaak_22_036	1.0
EFYaak_22_037	1.0
EFYaak_22_038	0.9999295675447246
EFYaak_22_039	1.0
EFYaak_22_040	1.0
EFYaak_22_041	1.0
EFYaak_22_042	1.0
EFYaak_22_043	0.9999290880726138
EFYaak_22_044	1.0
EFYaak_22_045	1.0
EFYaak_22_046	1.0
EFYaak_22_047	1.0
EFYaak_22_048	1.0
EFYaak_22_049	1.0
EFYaak_22_050	1.0
EFYaak_22_051	0.9999188575137942
EFYaak_22_052	1.0
EFYaak_22_054	0.9999283051333524
EFYaak_22_055	1.0
EFYaak_22_056	1.0
EFYaak_22_057	0.9997978572872448
EFYaak_22_058	1.0
EFYaak_22_059	1.0
EFYaak_22_060	1.0
EFYaak_22_062	1.0
EFYaak_22_063	1.0
EFYaak_22_064	1.0
EFYaak_22_065	1.0
EFYaak_22_066	1.0
EFYaak_22_067	1.0
EFYaak_22_068	1.0
EFYaak_22_070	0.9999292686377139
EFYaak_22_072	0.9999252950844165
EFYaak_22_075	1.0
EFYaak_22_076	1.0
EFYaak_22_077	1.0
EFYaak_22_078	1.0
EFYaak_22_079	1.0
EFYaak_22_080	1.0
EFYaak_22_081	1.0
EFYaak_22_083	1.0
EFYaak_22_086	1.0
EFYaak_22_088	1.0
EFYaak_22_089	1.0
EFYaak_22_090	1.0
EFYaak_22_091	1.0
EFYaak_22_092	1.0
EFYaak_22_094	1.0
EFYaak_22_095	1.0
EFYaak_22_096	1.0
EFYaak_22_097	1.0
EFYaak_22_098	1.0
EFYaak_22_099	1.0
EFYaak_22_100	1.0
EFYaak_22_101	1.0
EFYaak_22_102	1.0
EFYaak_22_103	1.0
EFYaak_22_104	1.0
EFYaak_22_105	1.0
EFYaak_22_106	1.0
EFYaak_22_107	1.0
EFYaak_22_108	1.0
EFYaak_22_109	1.0
EFYaak_22_111	1.0
EFYaak_22_112	1.0
EFYaak_22_113	1.0
EFYaak_22_114	1.0
EFYaak_22_116	1.0
EFYaak_22_117	0.9999296468270719
EFYaak_22_118	1.0
EFYaak_22_119	0.9999278395150816
EFYaak_22_120	1.0
EFYaak_22_121	1.0
EFYaak_22_122	1.0
EFYaak_22_123	1.0
EFYaak_22_124	0.9999257719714965
EFYaak_22_125	0.9998593530239099
EFYaak_22_126	1.0
EFYaak_24_001	1.0
EFYaak_24_002	1.0
EFYaak_24_003	1.0
EFYaak_24_004	1.0
EFYaak_24_005	0.9999290679529012
EFYaak_24_006	1.0
EFYaak_24_007	1.0
EFYaak_24_008	1.0
EFYaak_24_009	1.0
EFYaak_24_010	1.0
EFYaak_24_011	1.0
EFYaak_24_012	1.0
EFYaak_24_013	1.0
EFYaak_24_014	0.9999254732448949
EFYaak_24_015	1.0
EFYaak_24_016	1.0
EFYaak_24_017	1.0
EFYaak_24_018	1.0
EFYaak_24_019	1.0
EFYaak_24_020	1.0
EFYaak_24_021	1.0
EFYaak_24_022	1.0
EFYaak_24_023	1.0
EFYaak_24_024	1.0
EFYaak_24_025	1.0
EFYaak_24_026	1.0
EFYaak_24_027	1.0
EFYaak_24_028	1.0
EFYaak_24_029	1.0
EFYaak_24_030	1.0
EFYaak_24_031	1.0
EFYaak_24_032	1.0
EFYaak_24_033	0.9999220941103147
EFYaak_24_034	0.9999182873018467
EFYaak_24_035	1.0
EFYaak_24_036	1.0
EFYaak_24_037	1.0
EFYaak_24_038	1.0
EFYaak_24_039	1.0
EFYaak_24_040	1.0
EFYaak_24_041	1.0
EFYaak_24_042	0.9999296666197778
EFYaak_24_043	1.0
EFYaak_24_044	1.0
EFYaak_24_045	1.0
EFYaak_24_046	1.0
EFYaak_24_047	1.0
EFYaak_24_048	1.0
EFYaak_24_049	1.0
EFYaak_24_050	1.0
EFYaak_24_051	1.0
EFYaak_24_052	1.0
EFYaak_24_053	0.9999275677241779
EFYaak_24_054	1.0
EFYaak_24_055	1.0
EFYaak_24_056	1.0
EFYaak_24_057	0.9999298048575038
EFYaak_24_058	1.0
EFYaak_24_059	1.0
EFYaak_24_060	1.0
EFYaak_24_061	1.0
EFYaak_24_062	1.0
EFYaak_24_063	1.0
EFYaak_24_064	1.0
EFYaak_24_065	1.0
EFYaak_24_066	1.0
EFYaak_24_067	0.9999299032665078
EFYaak_24_068	1.0
EFYaak_24_070	1.0
EFYaak_24_071	1.0
EFYaak_24_072	1.0
EFYaak_24_073	1.0
EFYaak_24_075	1.0
EFYaak_24_076	1.0
EFYaak_24_077	0.9999296567248172
EFYaak_24_078	1.0
EFYaak_24_079	1.0
EFYaak_24_080	1.0
EFYaak_24_081_1	1.0
EFYaak_24_081	1.0
EFYaak_24_082	1.0
EFYaak_24_083	1.0
EFYaak_24_084	1.0
EFYaak_24_085	1.0
EFYaak_24_086	1.0
EFYaak_24_087	1.0
EFYaak_24_088	0.999929765416491
EFYaak_24_089	1.0
EFYaak_24_090	1.0
EFYaak_24_091	1.0
EFYaak_24_092	1.0
EFYaak_24_093	1.0
EFYaak_24_094	1.0
EFYaak_24_095	1.0
EFYaak_24_096	1.0
EFYaak_24_097	1.0
EFYaak_24_098	1.0
EFYaak_24_099	1.0
EFYaak_24_100_1	1.0
EFYaak_24_100	1.0
EFYaak_24_101	1.0
EFYaak_24_102	1.0
EFYaak_24_103	1.0
EFYaak_24_104	1.0
EFYaak_24_105	1.0
EFYaak_24_106	1.0
EFYaak_24_107	1.0
EFYaak_24_108	1.0
EFYaak_24_109	1.0
EFYaak_24_110	1.0
EFYaak_24_111	1.0
EFYaak_24_112	1.0
ELD_21_01	0.9992811501597444
ELD_21_02	0.9994024499551838
ELD_21_03	0.999251497005988
ELD_21_04	0.9995511669658886
ELD_21_05	0.9995014126641183
ELD_21_06	0.9992700729927008
ELD_21_07	0.9997690531177829
ELD_21_08	0.9995534916949456
ELD_21_10	0.9995414947271893
ELD_21_12	0.999778532408091
ELD_21_13	0.9979478943611706
ELD_21_14	0.9993396918561995
ELD_21_15	0.9997167138810198
ELD_21_16	0.9995494819041898
ELD_21_17	0.9993298585256888
ELD_21_18	0.9993639688344729
ELD_21_19	0.9992690058479532
ELD_21_20	0.9993433532759376
ELD_21_21	0.9993202416918429
ELD_21_22	0.9992662166128559
ELD_21_23	0.9989390432098766
ELD_21_24	0.9994621177193791
ELD_21_26	0.9994798632783475
ELD_21_27	0.9994807121661721
ELD_21_28	0.9989687450420435
ELD_21_29	0.9996118615121875
ELD_21_30	0.9988472179526591
ElkLo_12_612	0.9999249924992499
ElkLo_12_613	1.0
ElkLo_16_913	0.9998592342342343
ElkLo_16_914	1.0
ElkLo_16_915	1.0
ElkLo_16_917	0.9999297950014041
ElkLo_16_918	1.0
ElkLo_16_919	0.9999295377677565
ElkLo_16_920	1.0
ElkLo_16_921	1.0
ElkLo_16_922	1.0
ElkLo_16_923	0.9998588965711867
ElkLo_16_924	0.9976042841037204
ElkLo_16_926	0.9908846806105144
ElkLo_16_928	0.9999297061717981
ElkLo_16_929	0.9999296270232231
ElkLo_16_930	0.9999283462310118
ElkLo_16_933	1.0
ElkLo_16_935	0.9999291885002124
ElkLo_16_936	0.9999296468270719
ELR1_2004_04_1	1.0
ELR1_2004_04	0.9999294482855934
ELR1_2004_05_1	1.0
ELR1_2004_05	1.0
ELR1_2004_08_1	0.9997894441325098
ELR1_2004_08	0.9997894441325098
ELR1_2004_09_1	0.999719298245614
ELR1_2004_09	0.999719298245614
ELR1_2004_11_1	0.9999297259311314
ELR1_2004_11	0.9999295079655999
ELR1_2004_12_1	0.9997893850042123
ELR1_2004_12	0.9997892962494732
ELR1_2004_13_1	1.0
ELR1_2004_13	1.0
ELR1_2004_14_1	0.9998595900028082
ELR1_2004_14	1.0
ELR1_2004_15	0.9997193376368229
ELR1_2004_16	1.0
ELR1_2004_17	0.9999298540965208
ELR1_2004_18	0.9999297259311314
ELR1_2004_25	0.9998482088646024
ELR1_2004_26	1.0
ELR1_2004_27	1.0
ELR1_2004_28	1.0
ERosebud_07_06	0.0002151462994836489
ERosebud_07_08	0.0002152080344332855
FA_19_1198	0.999924265374129
FIN57_22_04	0.999859075535513
FIN57_22_05	0.999929348594037
FIN57_22_06	1.0
FIN57_22_08	0.9999292686377139
FIN57_22_09_1	0.9999294681901537
FIN57_22_09	0.9997884045704613
FIN57_22_10	0.9997891777933943
FIN57_22_11	0.9996464432187809
FIN57_22_16	0.9998588567395907
FIN57_22_17	1.0
FisherBW_11_138	0.9993922819811607
FisherBW_11_147	0.9998272287491361
FisherBW_11_148	0.9997784015364161
FisherBW_11_149	0.9991214197856264
FisherBW_11_150	0.999619540404809
FisherBW_11_151	0.9993594875900721
FisherBW_11_153	0.9993263473053893
FisherBW_11_154	0.9998309097057829
FisherBW_11_155	0.9999232893525621
FisherBW_11_156	0.9998499849984999
FisherBW_11_157	0.9996999699969997
FisherBW_11_158	0.999438202247191
FisherBW_11_159	1.0
FisherSilver_11_102	0.9999213094113943
FisherSilver_11_104	0.9997765196662693
FisherSilver_11_105	0.9985143611753053
FisherSilver_11_116	0.9994830132939438
FisherSilver_11_117	0.9999181535439515
Flat_00_81	0.0007866132723112128
Flattail_23_271	1.0
Flattail_23_272	1.0
Flattail_23_273	1.0
Flattail_23_274	1.0
Flattail_23_275	1.0
Flattail_23_276	1.0
Flattail_23_277_1	1.0
Flattail_23_277	1.0
Flattail_23_278_1	1.0
Flattail_23_278	0.9999295972965362
Flattail_23_279_1	1.0
Flattail_23_279	1.0
Flattail_23_280_1	1.0
Flattail_23_280	1.0
Flattail_23_281	0.9999294283697954
Flattail_23_282	1.0
Flattail_23_283	1.0
Flattail_23_284	1.0
Flattail_23_285	1.0
Flattail_23_286	1.0
Fleshman_21_17	0.0
FL_NA_1078	0.9995771074147166
FL_NA_1095	0.9997181113460183
Flow_17_451	0.9997638910750827
Flow_17_452	0.9995605039554644
Flow_17_453	0.9993368700265252
Flow_17_454	0.999772899318698
Flow_17_455	0.9994942196531792
Flow_17_456	0.9948754448398577
Flow_17_457	0.9891402714932127
Flow_17_458	0.9946500222915737
Flow_17_459	0.998220640569395
Flow_17_460	0.9998533724340176
Flow_17_461	0.9993983152827918
Flow_17_462	0.9996096799375488
Flow_17_463	0.9990232640738768
Flow_17_465	0.9993382352941177
Flow_17_466	0.9988794262662484
Flow_17_467	0.9997063573630891
Flow_17_468	0.9993376508684133
Flow_17_469	0.9997141223556318
Flow_17_470	0.9997780736795384
Flow_17_471	0.9967348715716151
Flow_17_472	0.9997125197642662
Flow_17_473	0.9997782049386367
Flow_17_474	0.9995677856216684
Flow_17_475	0.9988389450986896
Flow_17_476	0.9996552912788693
Flow_17_477	0.9997048406139315
Flow_17_478	0.9995216073991389
Flow_17_479	0.9934262012834559
Flow_17_480	0.9937605915883531
FlowerPipe_11_09	0.999419054996127
FlowerPipe_11_14	0.998901259888661
FlowerPipe_11_19	0.9995675987316229
FlowerPipe_11_25	0.9976204211133545
FredD13_14_01	0.9998535442296427
FredD13_14_02	0.9998594913587185
FredD13_14_03	0.9999297555493116
FredW54_12_01	1.0
FredW54_12_02	0.9999296171171171
FredW54_12_03	0.9997892074198989
FredW54_12_04	0.9999281815570239
FredW54_12_05	1.0
FredW54_12_06	0.9997893554276085
FredW54_12_07	0.9999297259311314
GC1_23_01	0.9940199803011116
GC1_23_02	0.9995075277895034
GC1_23_03	0.999437649374385
GC1_23_04	0.9998431618569636
GC1_23_05	0.9987347110923661
GE1	1.0
GeigerLo_22_01	0.9993672665916761
GeigerLo_22_02	0.9990487340845895
GeigerLo_22_03	0.9996992481203008
GeigerLo_22_04	0.9987181420600211
GeigerLo_22_05	0.9997187456054001
GeigerLo_22_06	0.9997844827586206
GeigerLo_22_07	0.9991501416430595
GeigerLo_22_08	0.9992810927390366
GeigerLo_22_09	0.9998579141801648
GeigerLo_22_10	0.9995024168325277
GeigerLo_22_11	0.9997100608872137
GeigerLo_22_12	0.9992867332382311
GeigerLo_22_13	0.9998564249820531
GeigerLo_22_14	0.9985004284490145
GeigerLo_22_15	0.999708284714119
GeigerLo_22_16	0.9997151808601538
GeigerLo_22_17	0.9998562598821331
GeigerLo_22_18	0.9998545031281827
GeigerLo_22_19	0.9994306860233418
GeigerLo_22_20	0.998846098370114
GeigerLo_22_21	0.9995716121662145
GeigerLo_22_22	1.0
GeigerLo_22_23	0.9994892002335085
GeigerLo_22_24	0.9997856224096041
GeigerLo_22_25	0.9998572652012561
GeigerLo_22_26	0.999026654687032
GeigerLo_22_27	0.9993641373463332
GeigerLo_22_29	0.999765734811807
GeigerUp_22_01	0.9996457920090678
GeigerUp_22_02	0.999711274722102
GeigerUp_22_03	0.9998580956435362
GeigerUp_22_04	0.9997149779107881
GeigerUp_22_05	0.9997069167643611
GeigerUp_22_06	0.9999296072082219
GeigerUp_22_08	0.9996462931522354
GeigerUp_22_09	0.9993592481845365
GeigerUp_22_10	0.9997804449648712
GeigerUp_22_11	0.9997799295774648
GeigerUp_22_12	0.9996672766594576
GeigerUp_22_13	0.9997157879778314
GeigerUp_22_14_1	0.9998591549295774
GeigerUp_22_14	0.9997888513513513
GeigerUp_22_15	1.0
GeigerUp_22_16	0.9998508575689784
GeigerUp_22_17	0.999857020303117
GeigerUp_22_18	0.9999239080809618
GeigerUp_22_19	1.0
GeigerUp_22_20	0.9996418338108882
GeigerUp_22_21	0.9996407529817503
GeigerUp_22_22	0.999645440363069
GeigerUp_22_23	0.9999233128834356
GeigerUp_22_24	0.9997168742921857
GeigerUp_22_25	0.9996378386208895
GeigerUp_22_26	0.9996420901932713
GeigerUp_22_27	0.9995735001421666
GeigerUp_22_28	0.9997870528109029
GeigerUp_22_29	0.9997081144191476
GeigerUp_22_30	0.9997874149659864
Gen_15_001	1.0
Gen_15_003	0.9998275267333563
Gen_15_004	1.0
Gen_15_006	0.999856548558313
Gen_15_008	1.0
Gen_15_009	1.0
Gen_15_010	0.9997884642504583
Gen_15_012	0.9999294880834861
Gen_15_013	1.0
Gen_15_014	0.9998587570621469
Gen_15_015	1.0
Gen_15_017	1.0
Gen_15_018	1.0
Gen_15_019	0.9999294582392777
Gen_15_020	1.0
Gen_15_021	0.9997887323943662
Gen_15_024	1.0
Gen_15_025	0.9998581359058022
GE_NA_01	1.0
GOC1_03_03_1	1.0
GOC1_03_03	1.0
GOC1_03_04_1	1.0
GOC1_03_04	1.0
GOC1_03_05_1	1.0
GOC1_03_05	1.0
GOC1_03_06_1	1.0
GOC1_03_06	1.0
GOC1_03_08_1	1.0
GOC1_03_08	0.9999280885948512
GOC1_03_09_1	1.0
GOC1_03_09	0.9999281609195402
GOC1_03_10_1	1.0
GOC1_03_10	1.0
GOC1_03_11_1	1.0
GOC1_03_11	1.0
GOC1_03_14	1.0
GOC1_03_15	1.0
GOC1_03_16	0.9998596294216732
GOC1_03_17	0.9999218872051242
GOC1_03_18	0.9997196130660311
GOC1_03_20	0.9998575904300769
GOC1_03_21	0.9995019920318725
GOC1_03_22	1.0
GoldL_16_37	0.9999295278365046
GoldL_16_38	1.0
GoldL_16_39	1.0
GoldL_16_41	0.9998479087452471
GoldL_16_45	1.0
GoldL_16_46	1.0
GoldL_16_48	1.0
GoldL_16_61	0.999920420181442
GoldL_16_63	0.9999038276591652
GoldL_16_64	1.0
GoldL_16_65	1.0
GoldL_16_66	0.9997150455927052
GoldL_16_68	0.9998587371097613
GoldL_16_69	1.0
GoldL_16_70	1.0
GoldL_16_71	1.0
GoldL_16_72	1.0
GoldL_16_87	1.0
GoldL_16_95	1.0
GoldL_16_96	1.0
GR9	0.9997879259154532
GraniteAB_19_01	0.9996962332928311
GraniteAB_19_02	0.9997163120567376
GraniteAB_19_03	0.9997871434653044
GraniteAB_19_04	0.9997889998593332
GraniteAB_19_05	0.9997177134791814
GraniteAB_19_06	0.9997778436018957
GraniteAB_19_07	0.9998559492941516
GraniteAB_19_08	0.9997141632128055
GraniteAB_19_09	0.9997161912870726
GraniteAB_19_10	0.9999279331219372
GraniteAB_19_11	0.999784358826912
GraniteAB_19_12	0.9997145304025121
GraniteAB_19_13	0.9996476391825229
GraniteAB_19_14	0.9997792819305473
GraniteAB_19_15	0.999712023038157
GraniteAB_19_16	0.9997147746719909
GraniteAB_19_17	0.9998577727208079
GraniteAB_19_18	0.9995641435420601
GraniteAB_19_19	1.0
GraniteAB_19_20	0.9998588766581993
GraniteAB_19_21	0.9995777027027027
GraniteAB_19_22	0.9997171145685997
GraniteAB_19_23	0.9997248716067498
GraniteAB_19_24	1.0
GraniteAB_19_25	0.9996306146572104
GraniteAB_19_26	0.9998595308329822
GraniteAB_19_27	0.9997887026341739
GraniteAB_19_28	0.9997891481585606
GraniteAB_19_29	0.9997888810696692
GraniteAB_19_30	0.9996477881093265
GraniteBL_19_01	0.9999297259311314
GraniteBL_19_01_R	0.9998523549387273
GraniteBL_19_02	0.9997195737521032
GraniteBL_19_03	0.9998584171032139
GraniteBL_19_04	0.9997866894197952
GraniteBL_19_05	0.9997151402934055
GraniteBL_19_06	0.9997176736307171
GraniteBL_19_07	0.9997890888638921
GraniteBL_19_08	0.9997897097995233
GraniteBL_19_09	0.9995786516853933
GraniteBL_19_10	0.9997889107796228
GraniteBL_19_11	0.9997844208105777
GraniteBL_19_12	0.9997177931423734
GraniteBL_19_13	0.9997105225068751
GraniteBL_19_14	0.9997193770169777
GraniteBL_19_15	0.9995711222301644
GraniteBL_19_16	0.9998544819557625
GraniteBL_19_17	0.999851234751562
GraniteBL_19_18	0.9995788291450232
GraniteBL_19_19	0.9997886133032694
GraniteBL_19_20	0.999719298245614
GraniteBL_19_21	0.9997139997139998
GraniteBL_19_22	0.9997892666479348
GraniteBL_19_23	0.9997182701788985
GraniteBL_19_24	0.9997125197642662
GraniteBL_19_25	0.9999293685548807
GraniteBL_19_26	0.9997891777933943
GraniteBL_19_27	0.9998583368749114
GraniteBL_19_28	0.9995766299745978
GraniteBL_19_30	0.9998587171517378
Greenough2_23_24	0.9992968640135003
GreggG2_21_10	1.0
GreggG2_21_13	1.0
GreggG2_21_16	1.0
GreggG2_21_17	1.0
GreggG2_21_23	1.0
GreggG2_21_24	1.0
GreggG2_21_28	1.0
GreysR_03_2037	0.000650571056816539
Griz_20_15	0.9995769285009166
Grizzly_23_361	1.0
Grizzly_23_362	1.0
Grizzly_23_363	1.0
Grizzly_23_364	1.0
Grizzly_23_365	1.0
Grizzly_23_366	1.0
Grizzly_23_367	1.0
Grizzly_23_368	1.0
Grizzly_23_369	1.0
Grizzly_23_370	1.0
Grizzly_23_371	1.0
Grizzly_23_372	0.9999295972965362
Grizzly_23_373	0.999929696287964
Grizzly_23_374	1.0
Grizzly_23_375	1.0
Grizzly_23_376	1.0
Grizzly_23_377	1.0
Grizzly_23_378	1.0
Grizzly_23_379	0.9999273994482358
Grizzly_23_380	1.0
Grizzly_23_381	1.0
Grizzly_23_382	1.0
Grizzly_23_383	1.0
Grizzly_23_384	1.0
Grizzly_23_385	1.0
Grizzly_23_386	1.0
Grizzly_23_387	1.0
Grizzly_23_388	1.0
Grizzly_23_389	0.9999293885044486
Grizzly_23_390	1.0
GR_NA_09	0.999859392575928
GR_NA_15	0.9999298344092057
GSH_22_02	0.9986850247524752
GSH_22_03	0.9995252563615648
GSH_22_05	0.9996870599280238
GSH_22_06	0.999815293683044
GSH_22_07	0.9997658445207618
GSH_22_08	0.9991459627329192
GSH_22_09	0.999677263191867
GSH_22_10	0.9991742361684558
GSH_22_11	0.9994596263702331
GSH_22_12	0.9995940899496671
GSH_22_13	0.9993993092055864
GSH_22_14	0.9996281145407214
GSH_22_15	0.9993492760696274
GSH_22_16	0.9996716466918404
GSH_22_17	0.9996906419180202
GSH_22_18	0.9997519431122871
GSH_22_19	0.9995482608040958
GSH_22_20	0.9995177624176177
GSH_22_22	0.9992365246602535
GSH_22_24	0.9993162393162394
GSH_22_25	0.9998332777592531
GSH_22_26	0.9994668697638994
GSH_22_27	0.9992932307209047
GSH_22_28	0.9989090909090909
GSH_22_29	0.9994794765020821
GSH_22_30	0.9996126433219709
GSH_22_32	0.9997627708366282
GSH_22_33	0.9993588716140407
GSH_22_34	0.9994065281899109
GSH_22_35	0.9994342824816141
HogbackLo_03_12_22	0.0005055611729019212
HogbackUp_03_12_144	0.00021598272138228941
HoodR_93_32132	0.9991774812648511
HoodR_93_32145	0.9990401396160559
HoodR_93_32159	0.9995587716201906
Howard_22_01	0.9981907656679693
Howard_22_02	0.9992933860938383
Howard_22_03	0.9996481351161154
Howard_22_04	0.9983524242899733
Howard_22_05	0.9973449945338123
Howard_22_06	0.9988636363636364
Howard_22_07	0.9997164729231641
Howard_22_08	0.9992933860938383
Howard_22_09	0.9997804449648712
Howard_22_10	0.9984240687679083
Howard_22_11	0.9964468447981808
Howard_22_13	0.9996485802642676
Howard_22_14	0.9998552821997105
Howard_22_15	0.9997868409833736
Howard_22_16	0.999663242970197
Howard_22_17	0.9996478873239436
Howard_22_18	0.9995041790621901
Howard_22_19	0.9998561978717285
HW1_23_01	1.0
HW1_23_02	1.0
HW1_23_03	0.9999294980259448
HW1_23_05	1.0
HW1_23_06	1.0
HW1_23_07	1.0
HW1_23_08	0.9999290075252023
HW1_23_09	1.0
HW1_23_10	1.0
HW1_23_13	0.9999293685548807
HW2_23_01	0.9999252168710739
HW2_23_02	0.9999289469944579
HW2_23_03	1.0
HW2_23_04	1.0
HW3_23_01	1.0
HW3_23_02	1.0
HW3_23_03	1.0
HW3_23_04	1.0
HW3_23_05	1.0
HW3_23_06	1.0
HW3_23_07	1.0
HW3_23_08	1.0
HW3_23_09	1.0
HW3_23_10	1.0
HW3_23_11	1.0
HW4_23_01	1.0
HW4_23_02	1.0
HW4_23_03	1.0
HW4_23_04	0.9998440424204617
HW4_23_05	1.0
HW4_23_06	1.0
HW4_23_07	1.0
HW4_23_08	1.0
HW4_23_09	1.0
HW4_23_10	1.0
Iron_17_031	0.9998394863563402
Iron_17_032	1.0
Iron_17_033	0.9998587171517378
Iron_17_034	1.0
Iron_17_036	1.0
Iron_17_037	0.999923159674197
Iron_17_038	0.99984980474617
Iron_17_039	1.0
Iron_17_040	1.0
Iron_17_042	1.0
Iron_17_043	1.0
Iron_17_044	1.0
Iron_17_045	1.0
Iron_17_046	1.0
Iron_17_047	1.0
Iron_17_048	1.0
Iron_17_049	1.0
Iron_17_050	1.0
Iron_17_051	0.9997022923489134
Iron_17_052	1.0
Iron_17_053	1.0
Iron_17_054	1.0
Iron_17_055	1.0
Iron_17_056	1.0
Iron_17_057	1.0
Iron_17_058	1.0
Iron_17_059	1.0
Iron_17_060	1.0
JacksonFH_NA_01	0.0005035971223021583
JacksonFH_NA_02	7.178750897343863e-05
JacksonFH_NA_05	0.00035729598399313994
JacksonFH_NA_07	0.0005010737294201861
JacksonFH_NA_08	0.0002935995302407516
JacksonFH_NA_09	0.0004343419719125525
JacksonFH_NA_10	0.0
JARMAB08_22_06	1.0
JARMAB8_22_01	1.0
JARMAB8_22_02	1.0
JARMAB8_22_03	0.9999294681901537
JARMAB8_22_04	1.0
JARMAB8_22_05	1.0
JARMAB8_22_06	1.0
JARMAB8_22_08	1.0
JARMAB8_22_10	1.0
JARMAB8_22_11	1.0
JARMAB8_22_12	1.0
JARMAB8_22_13	1.0
JARMAB8_22_14	1.0
JARMAB8_22_16	1.0
JARMAB8_22_17	0.9999297160528535
JARMAB8_22_18	1.0
JARMAB8_22_19	1.0
Kik_18_313	1.0
Kik_18_316	0.9999275257283664
Kik_18_317	1.0
Kik_18_318	0.9998564043653073
Kik_18_319	1.0
Kik_18_321	1.0
Kik_18_326	0.9997894441325098
Kik_18_327	0.9997891185153943
Kik_18_328	0.9998556998556999
Kik_18_329	0.9999296171171171
Kik_18_330	0.9998596097150078
Kik_18_331	0.9998437744102484
Kik_18_334	0.9998594913587185
Kik_18_472	0.999917695473251
Kik_18_646	0.9998592936541438
Kik_18_647	1.0
Kik_19_020	1.0
Kik_19_024	0.9999206601079023
Kik_190_35	1.0
Kik_19_036	0.9999295873820588
Kik_19_040	0.9999297555493116
Kik_19_044	0.9997190221972464
Kik_19_046	1.0
Kik_19_048	0.9998595505617978
KilbCk_20_01	0.9997891777933943
KilbCk_20_02	0.9998589363803075
KilbCk_20_03	0.9999293386093838
KilbCk_20_04	0.9998541423570595
KilbCk_20_05	1.0
KilbCk_20_06	0.9996452391088406
KilbCk_20_07	0.9999295377677565
KilbCk_20_08	0.9997889404812157
KilbCk_20_09	0.9999257168325657
KilbCk_20_10	0.9999297456793593
KilbCk_20_11	0.9998579141801648
KilbCk_20_12	0.9997113580603262
KilbCk_20_13	1.0
KilbCk_20_14	0.9998586772187676
KilbCk_20_15	0.9998585572842998
KilbCk_20_16	0.999648382559775
KilbCk_20_17	0.9997887621461766
KilbCk_20_18	0.9998596688184115
KilbCk_20_19	0.9998576512455516
KilbCk_20_20	1.0
KilbCk_20_21	1.0
KilbCk_20_22	0.9997895032276172
KilbCk_20_23	0.9994259471871412
KilbCk_20_24	1.0
KilbCk_20_25	1.0
KilbCk_20_26	0.9999297160528535
KilbCk_20_27	0.9999296369265409
KilbCk_20_28	0.9997891777933943
KilbCk_20_29	0.9997887918896086
KilbCk_20_30	0.9999297555493116
KO_19_5583	0.9999244256348246
KootRiv_15_01	0.9996401324312653
KootRiv_15_06	0.9992910818091593
KootRiv_15_07	0.9997810218978103
KootRiv_15_08	0.998705501618123
KootRiv_15_12	0.9999296369265409
KootRiv_15_15	0.999895046179681
KootRiv_15_17	1.0
KootRiv_15_20	0.9999297950014041
KootRiv_15_21	0.9997874752054406
KootRiv_15_22	0.9998462248193142
KootRiv_15_24	0.9998043052837573
KootRiv_15_27	0.9974377224199288
KootRiv_15_29	0.9996474404174306
KootRiv_15_30	0.9931708033485094
KootRiv_15_31	0.9998579545454546
KootRiv_15_32	0.993665418946156
KootRiv_15_34	1.0
KootRiv_15_36	0.9999189101524489
KootRiv_15_37	0.9993271531100478
KootRiv_15_38	0.9997856224096041
KootRiv_15_40	0.9998568565702834
KootRiv_16_04	0.9990500863557858
KootRiv_16_11	1.0
KootRiv_16_13	0.9988522238163559
KootRiv_16_14	0.998436833878073
KootRiv_16_18	0.9995782963171211
KootRiv_16_25	0.9985873710976126
KootRiv_16_26	1.0
KootRiv_16_39	0.9999131793714187
KootRiv_16_41	1.0
KootRiv_17_02	0.9995079432025868
KootRiv_20_42	1.0
KRBY_22_01	0.9998582565556343
KRBY_22_02	0.9999296072082219
KRBY_22_03	0.9988703756001129
KRBY_22_05	0.9997883149872989
KRBY_22_06	0.9999293286219081
KRBY_22_07	0.9992927864214993
KRBY_22_08	0.9999045072574484
KRBY_22_09	0.9999295476962097
KRBY_22_10	0.9999291584018135
LA3_18_01	0.9997797033338229
LA4_18_01	0.9999289570900824
LA5_18_01	0.999928774928775
LA5_18_02	0.9999295476962097
LA5_18_03	1.0
LA5_18_04	0.9997893554276085
LA6_18_01	0.999859392575928
LA6_18_02	1.0
LA7_18_01	0.9999293885044486
LA7_18_02	1.0
Lake_22_18	0.9998210771157631
Lamar_13_A23	0.001151576219951058
LamarA07	0.00023234200743494423
LamarV_16_05	0.5116632860040567
Lap_23_481	1.0
Lap_23_482	1.0
Lap_23_483	1.0
Lap_23_484	1.0
Lap_23_485	1.0
Lap_23_486	1.0
Lap_23_487	1.0
Lap_23_488	1.0
Lap_23_489	1.0
Lap_23_490	1.0
Lap_23_491	0.9998590358049055
Lap_23_492	1.0
Lap_23_493	1.0
Lap_23_494	1.0
Lap_23_495	1.0
Lap_23_496	1.0
Lap_23_497	1.0
Lap_23_498	1.0
Lap_23_499	1.0
Lap_23_500	0.999919133106906
Lap_23_502	1.0
Lap_23_503	1.0
Lap_23_504	1.0
Lap_23_505	1.0
Lap_23_506	1.0
Lap_23_507	1.0
Lap_23_508	1.0
Lap_23_509	1.0
Lap_23_510	1.0
Lap_23_NA	1.0
LCherry_17_211	1.0
LCherry_17_212	0.9998538652637732
LCherry_17_213	1.0
LCherry_17_214	0.9998554286540408
LCherry_17_215	0.9999293585758688
LCherry_17_216	1.0
LCherry_17_217	1.0
LCherry_17_218	0.9999288053538374
LCherry_17_219	1.0
LCherry_17_220	0.9998466727997547
LCherry_17_221	1.0
LCherry_17_222	0.9999291985273294
LCherry_17_223	0.9999286631473819
LCherry_17_224	1.0
LCherry_17_225	0.9999292986425339
LCherry_17_226	0.9999290679529012
LCherry_17_227	0.9999276829621059
LCherry_17_228	0.9998565897031407
LCherry_17_229	0.9999239312338354
LCherry_17_231	0.9998584571832979
LCherry_17_232	1.0
LCherry_17_233	0.9999265138154027
LCherry_17_234	1.0
LCherry_17_235	1.0
LCherry_17_236	0.9999279123414071
LCherry_17_237	1.0
LCherry_17_238	0.9999281918713199
Leigh_04_212	0.0
LibbyBBC_11_322	0.9988860598345003
LibbyBBC_11_324	0.9993421052631579
LibbyBBC_11_325	0.9993373094764745
LibbyBBC_11_328	0.9959980790779575
LibbyBBC_11_329	0.99725
LibbyBBC_11_330	0.9974596262021411
LibbyBBC_11_331	0.999486477233824
LibbyBBC_11_332	0.9993851829080849
LibbyBBC_11_333	0.998858261295058
LibbyBBC_11_334	0.9986157253599114
LibbyBBC_11_343	0.9977113213304852
LibbyBBC_11_346	0.99933818663137
LibbyBBC_11_347	0.9964285714285714
LK_2009_12_17_600	1.0
LK_2016_01_18_572	0.9997086671522214
LK_2016_01_18_673	1.0
LK_BT_07_161	0.9998591152437306
LKFD_16_001	0.9998596097150078
LKFD_16_002	0.9999296666197778
LKFD_16_003	0.9997891185153943
LKFD_16_004	0.9999297555493116
LKFD_16_005	0.9998593332395554
LKFD_16_006	1.0
LKFD_16_007	1.0
LKFD_16_008	1.0
LKFD_16_009	0.9997840172786178
LKFD_16_010	1.0
LKFD_16_011	0.9999295278365046
LKFD_16_012	1.0
LKFD_16_013	1.0
LKFD_16_014	0.9999284282851417
LKFD_16_015	1.0
LKFD_16_016	1.0
LKFD_16_017	1.0
LKFD_16_018	0.999929765416491
LKFD_16_019	0.9998592936541438
LKFD_16_020	1.0
LKFD_16_021	0.9999295576218653
LKFD_16_022	0.9998594123435962
LKFD_16_023	0.9994226327944573
LKFD_17_01	0.9998595505617978
LKFD_17_02	0.9999297950014041
LKFD_17_03	0.9998593332395554
LKFD_17_04	0.9999297358066329
LKFD_17_05	0.9999291584018135
LKFD_17_06	0.9997836434443964
LKFD_17_07	0.9998595308329822
LKFD_17_08	1.0
LKFD_17_09	1.0
LKFD_17_10	1.0
LKFD_17_11	0.9998586971880741
LKFD_18_02	1.0
LKFD_18_03	1.0
LKFD_18_04	1.0
LKFD_18_05	1.0
LKFD_18_09	1.0
LKFD_18_11	0.9997968718261223
LKFD_19_02	1.0
LKFD_19_03	1.0
LKFD_19_05	1.0
LKFD_19_06	0.9998591350894492
LKFD_19_07	1.0
LKFD_19_08	0.9999290880726138
LKFD_19_09	0.9999222395023328
LKFD_19_10	0.9998557414887478
LKFD_19_11	1.0
LKFD_19_12	0.9999234537660747
LKFD_19_13	0.999929178470255
LKFD_19_14	1.0
LKFD_20_01	0.999929348594037
LKFD_20_02	0.9999297061717981
LKFD_20_06	1.0
LKFD_22_01	1.0
LKFD_22_05	1.0
LKFD_22_07	0.9998233527645293
LKFD_22_08	0.9999294582392777
LKFD_22_09	1.0
LKFD_22_10	1.0
LKFD_22_11	0.999927797833935
LKFD_22_12	0.9998574483250178
LKFD_22_14_1	0.9999277456647399
LKFD_22_14	0.9999275677241779
LLRB_14_01	0.9995697691094221
LLRB_14_02	0.9998406374501992
LLRB_14_03	0.999432382574145
LLRB_14_04	0.9995779403489027
LLRB_14_05	0.9996492704826038
LLRB_14_06	0.9995080815179199
LoGeig_17_01	1.0
LoGeig_17_02	1.0
LoGeig_17_03	1.0
LoGeig_17_04	1.0
LoGeig_17_05	1.0
LoGeig_17_06	0.9999260792430514
LoGeig_17_07	1.0
LoGeig_17_08	0.9998510574918081
LoGeig_17_09	1.0
LoGeig_17_10	1.0
LoGeig_17_11	1.0
LoGeig_17_12	1.0
LoGeig_17_13	0.9999283564980657
LoGeig_17_14	0.9997830802603037
LoGeig_17_15	1.0
LoGeig_17_16	1.0
LoGeig_17_17	0.9998505901688332
LoGeig_17_18	1.0
LoGeig_17_19	1.0
LoGeig_17_20	1.0
LoGeig_17_21	0.999857305936073
LoGeig_17_22	1.0
LoGeig_17_23	1.0
LoGeig_17_24	0.9996459425010622
LoGeig_17_25	1.0
LoGeig_17_26	0.9997842968075927
LoGeig_17_27	1.0
LoGeig_17_28	1.0
LoGeig_17_29	1.0
LoGeig_17_30	1.0
LoLamar_16_26	0.5092914028997345
Lone46_22_46_01	0.9997187456054001
LostFork_23_391	1.0
LostFork_23_392	1.0
LostFork_23_393	1.0
LostFork_23_394	1.0
LostFork_23_395	1.0
LostFork_23_396	1.0
LostFork_23_397	1.0
LostFork_23_398	1.0
LostFork_23_399	1.0
LostFork_23_400	0.9999292185730464
LostFork_23_401	1.0
LostFork_23_402	1.0
LostFork_23_403	1.0
LostFork_23_404	1.0
LostFork_23_405	1.0
LostFork_23_406	1.0
LostFork_23_407	1.0
LowerCedarLk_20_001	0.9993433532759376
LowerCedarLk_20_003	0.999743062692703
LowerCedarLk_20_004	0.9985599078341014
LowerCedarLk_20_005	0.9994597931779595
LowerCedarLk_20_006	0.9981063364894391
LowerCedarLk_20_007	0.9970262015753094
LowerCedarLk_20_008	0.9979644149577804
LowerCedarLk_20_010	0.9973411899971256
LowerCedarLk_20_011	0.9989507667473769
LowerCedarLk_20_012	0.9992091110408099
LowerCedarLk_20_013	0.999266862170088
LowerCedarLk_20_014	0.9991834916864608
LowerCedarLk_20_015	0.9973818181818181
LowerCedarLk_20_016	0.9991222470475583
LowerCedarLk_20_017	0.9993206521739131
LowerCedarLk_20_018	0.9984245201947866
LowerCedarLk_20_019	0.9979235285693828
LowerCedarLk_20_020	0.9982985648764611
LowerCedarLk_20_021	0.9976296509122252
LowerCedarLk_20_022	0.9985831234256927
LowerCedarLk_20_023	0.9988179669030733
LowerCedarLk_20_024	0.9996962794229309
LowerCedarLk_20_025	0.9995024168325277
LowerCedarLk_20_026	0.9970090458126641
LowerCedarLk_20_027	0.9969242310577644
LowerCedarLk_20_028	0.9955
LowerCedarLk_20_029	0.9988955823293173
LowerCedarLk_20_031	0.999405705229794
LowerCedarLk_20_032	0.9992897727272727
LowerCedarLk_20_033	0.9994944388270981
LowerCedarLk_20_034	0.9992875463094899
LowerCedarLk_20_035	0.999194847020934
LowerCedarLk_20_036	0.9992164125943866
LowerCedarLk_20_037	0.9992547324489491
LowerCedarLk_20_038	0.9994963304072528
LowerCedarLk_20_039	0.9983639763166096
LowerCedarLk_20_040	0.998352435530086
LSM_14_01	0.9999283872815812
LSM_14_02	0.9999294283697954
LSM_14_05	1.0
LSM_14_06	0.9999298639360359
LSM_14_08	0.9998419222257351
LSM_14_10	0.9999294781382229
LSM_14_11	0.9994993563152624
LSM_14_19	0.9997166737498229
LSM_14_21	1.0
LSM_14_25	1.0
LSM_14_26	0.999929037751916
LSM_14_27	0.9999033629686896
LSM_14_28	1.0
LSM_14_31	0.9999266431924883
LSM_14_37	1.0
LSM_14_39	0.9994383600112328
LSM_14_41	0.9999274310595065
LSM_14_43	0.9995787700084247
LSM_14_44	0.9997883149872989
LSM_14_48	0.9999299032665078
LSM_14_51	1.0
LSM_14_53	1.0
LSM_14_54	1.0
LSM_14_55	0.9998596885084888
ltlmission_23_14	0.0
ltlmission_23_25	0.0
ltlmission_23_26	7.199424046076313e-05
MAC6_17_04	1.0
MAC6_17_11	1.0
MAC6_17_12	1.0
MAC6_17_13	1.0
MAC6_17_16	1.0
MAC6_17_17	1.0
MAC6_17_18	1.0
MAC6_17_19	0.9999266108909438
MAC6_17_20	1.0
MAC6_17_24	1.0
MAC6_17_25	1.0
MAC6_17_26	1.0
MAC6_17_27	1.0
MAC6_17_30_1	0.9997863247863248
MAC6_17_30	0.9997867803837953
MAS6_21_01	1.0
MAS6_21_02	0.9999294681901537
MAS6_21_03	1.0
MAS6_21_04	1.0
MAS6_21_05	1.0
MAS6_21_06	1.0
MAS6_21_07	1.0
MAS6_21_08	1.0
MAS6_21_09	1.0
MAS6_21_10	1.0
MAS6_21_11	1.0
MAS6_21_12	1.0
MAS6_21_13	1.0
MAS6_21_14	1.0
MAS6_21_15	1.0
MC_DE_0006	1.0
MC_WA_0014	1.0
MC_WA_0018	1.0
MC_WA_0019	1.0
Meatrack_20_15	0.00014343086632243257
Meatrack_20_19	0.00035950532067874607
MG_23_RB	0.994159864902899
MillFork_23_201	0.004116117850953206
MinorLk_20_001	0.09501965923984272
MinorLk_20_002	0.08716785482825665
MinorLk_20_003	0.09030972094449555
MinorLk_20_004	0.08221502390868425
MinorLk_20_005	0.09568646386608724
MinorLk_20_006	0.11398838334946756
MinorLk_20_007	0.10099337748344371
MinorLk_20_009	0.08465011286681716
MinorLk_20_010	0.08700747033836238
MinorLk_20_010_R	0.08664342025469982
MinorLk_20_011	0.07938615906743397
MinorLk_20_012	0.07010523195494293
MinorLk_20_013	0.06570041200706297
MinorLk_20_014	0.1052239916654264
MinorLk_20_015	0.11309875813128327
MinorLk_20_017	0.07965056526207605
MinorLk_20_018	0.06754065715233987
MinorLk_20_019	0.08778625954198473
MinorLk_20_020	0.04459376908979841
MinorLk_20_021	0.09075395594166925
MinorLk_20_022	0.0650705493845692
MinorLk_20_023	0.084228515625
MinorLk_20_024	0.0936936936936937
MinorLk_20_026	0.10151314822976348
MinorLk_20_028	0.07164268585131894
MK1_23_02	1.0
MK1_23_03	1.0
MK1_23_04	1.0
MK2_23_01	1.0
MK2_23_02	1.0
MK2_23_03	1.0
MK2_23_04	1.0
MK2_23_05	1.0
MK2_23_06	1.0
MK2_23_08	1.0
MK2_23_09	1.0
MK2_23_10	1.0
MK2_23_11	1.0
MON4_23_13	0.9993673555461831
MON4_23_14	0.9993685982881998
MON5a_23_01	0.9997791519434629
MSGerrard_22_02	1.0
MSGerrard_22_03	1.0
MSGerrard_22_04	0.9999225766491173
MSGerrard_22_06	1.0
MSGerrard_22_08	1.0
MSGerrard_22_11	1.0
MSGerrard_22_12	0.9998443095126888
MSGerrard_22_13	1.0
MSGerrard_22_14	0.9995567375886525
MSGerrard_22_15	1.0
MSGerrard_22_16	1.0
MSGerrard_22_17	1.0
MSGerrard_22_18	0.9999135247319266
MSGerrard_22_19	1.0
MSGerrard_22_21	1.0
MSGerrard_22_22	1.0
MSGerrard_22_23	1.0
MSGerrard_22_24	1.0
MSGerrard_22_25	1.0
MSGerrard_22_26	1.0
MSGerrard_22_27	1.0
MSGerrard_22_28	1.0
MSGerrard_22_29	1.0
MSGerrard_22_30	1.0
MSH_13_22	0.9999296171171171
MtHenry_20_01	1.0
MtHenry_20_02	0.9997172745264349
MtHenry_20_03	0.9998576512455516
MtHenry_20_04	0.9998582967266544
MtHenry_20_05	0.9999296468270719
MtHenry_20_06	0.999929696287964
MtHenry_20_07	0.9999298245614036
MtHenry_20_08	0.9998536299765808
MtHenry_20_09	1.0
MtHenry_20_10	1.0
MtHenry_20_11	0.9997604216578821
MtHenry_20_12	0.9998583970546587
MtHenry_20_13	1.0
MtHenry_20_14	0.9997186796699175
MtHenry_20_15	1.0
MtHenry_20_16	1.0
MtHenry_20_17	0.9997885835095137
MtHenry_20_18	0.9999293186316087
MtHenry_20_19	0.9997797356828194
MtHenry_20_20	0.9997182701788985
MtHenry_20_21	0.9998592936541438
MtHenry_20_22	0.9999276829621059
MtHenry_20_23	1.0
MtHenry_20_24	1.0
MtHenry_20_25	1.0
MtHenry_20_26	0.9999294681901537
MtHenry_20_27	0.9999268898961836
MtHenry_20_28	0.9997168342064279
MtHenry_20_29	0.9997629957339232
MtHenry_20_30	1.0
Murry3yr_24	1.0
NCF161	0.9996467928793444
NCF_NA_161	0.9996489257126808
NFLT_22_2386	0.9991564740615774
NFLT_22_2387	0.9994374912108002
No_17_152	1.0
No_17_153	0.9998535871156662
No_17_154	1.0
No_17_155	1.0
No_17_157	1.0
No_17_159	0.9996220710506425
No_17_160	1.0
No_17_161	1.0
No_17_162	0.9997123543794045
No_17_163	0.9998415465061005
No_17_165	0.9997027348394768
No_17_166	0.9997098926602843
No_17_167	1.0
No_17_168	1.0
No_17_171	0.999645440363069
No_17_172	1.0
No_17_173	1.0
No_17_174	0.9998489425981874
No_17_175	1.0
No_17_176	1.0
No_17_179	0.9997053624042428
No_17_180	1.0
No_17_481	1.0
No_17_482	0.9999203060248645
No_17_483	0.9997103128621089
No_17_484	0.9999272409778812
No_17_485	0.9997142857142857
No_17_486	1.0
No_17_487	0.99992927864215
No_17_488	0.9997181907848387
OBrien_11_486	0.9997869015485155
OBrien_11_487	1.0
OBrien_11_488	0.999854376001165
OBrien_11_489	0.9993348115299335
OBrien_11_490	0.9975821243955311
OBrien_11_491	0.999844212494158
OBrien_11_492	0.999127145766657
OBrien_11_493	0.9998467432950191
OBrien_11_494_1	0.999771897810219
OBrien_11_494	0.9996818832511531
OBrien_11_495	0.9989893156222928
OBrien_11_496	0.9999297950014041
OBrien_11_497	0.9996423462088698
OBrien_11_498	0.999786263892847
OBrien_11_499	0.9988626670457776
Parm_17_251	0.9997781721384206
Parm_17_252	0.9997147339894451
Parm_17_253	0.9997155454416157
Parm_17_254	0.9998570611778159
Parm_17_255	0.9999279746470757
Parm_17_256	0.9994944388270981
Parm_17_257	0.9996790757381258
Parm_17_258	0.9998485995457986
Parm_17_259	0.9997798649838567
Parm_17_260	0.9999215809284818
Parm_17_261	0.9994880795670615
Parm_17_262	0.9997117740308402
Parm_17_263	0.9993333333333333
Parm_17_264	0.9998479087452471
Parm_17_265	0.9998539506353147
Parm_17_266	0.9994470774091627
Parm_17_268	0.9994176372712147
Parm_17_269	0.999925705794948
Parm_17_270	0.999844840961986
Parm_17_271	0.9998541848935549
Parm_17_272	0.9996301227992307
Parm_17_273	0.999915697184286
Parm_17_274	0.9998552612534376
Parm_17_275	0.9998591152437306
Parm_17_276	0.9998582163618318
Parm_17_278	0.9998567745631625
Parm_17_279	0.999853135555882
Parm_17_280	0.9997847610848042
Parm_17_281	0.9999283154121864
Parm_17_283	1.0
ParmenterCr_20_001	0.9992233832250776
ParmenterCr_20_002	0.9994940734316277
ParmenterCr_20_003	0.9997180318623996
ParmenterCr_20_004	0.9994570276140242
ParmenterCr_20_005	0.9996397694524496
ParmenterCr_20_006	0.9996466930469191
ParmenterCr_20_007	0.9970397519030166
ParmenterCr_20_008	0.9982208938229433
ParmenterCr_20_009	0.99921214725684
ParmenterCr_20_010	0.9997858978018841
ParmenterCr_20_011	0.999428326425611
ParmenterCr_20_012	0.999717633771001
ParmenterCr_20_013	0.999644684479818
ParmenterCr_20_014	0.9993607046455463
ParmenterCr_20_015	0.9996999699969997
ParmenterCr_20_016	0.9954948613262002
ParmenterCr_20_017	0.999783955062653
ParmenterCr_20_018	0.9988484237800489
ParmenterCr_20_019	0.9995734394995024
ParmenterCr_20_020	0.999508634002527
ParmenterCr_20_021	0.9989332020351223
ParmenterCr_20_022	0.9995780590717299
ParmenterCr_20_023	0.9937923250564334
ParmenterCr_20_024	0.999646193037079
ParmenterCr_20_025	0.9997157071783938
ParmenterCr_20_026	0.9997657713928795
ParmenterCr_20_027	0.9996469425222426
ParmenterCr_20_028	0.9995655322230268
ParmenterCr_20_029	0.9997889107796228
ParmenterCr_20_030	0.9993635077793493
ParmenterCr_20_031	0.9997888513513513
ParmenterCr_20_032	0.9998585772875124
ParmenterCr_20_033	0.9999296171171171
ParmenterCr_20_034	0.9997072170985214
ParmenterCr_20_035	0.9996485802642676
ParmenterCr_20_036	0.9997861724875268
ParmenterCr_20_037	0.9996480360411094
ParmenterCr_20_038	0.9996493196801796
ParmenterCr_20_039	0.9998592540464462
ParmenterCr_20_040	0.9998573669947226
ParmenterCr_20_041	0.9999287850733514
ParmenterCr_20_042	0.999779086892489
ParmenterCr_20_043	0.9997118155619596
ParmenterCr_20_044	0.9999291684374557
ParmenterCr_20_045	0.9996449872195399
ParmenterCr_20_046	0.9997858672376874
ParmenterCr_20_047	0.9997165532879818
ParmenterCr_20_048	1.0
ParmenterCr_20_049	0.9998564043653073
ParmenterCr_20_050	0.9998575295626158
ParmenterCr_20_051	0.9998586772187676
ParmenterCr_20_052	0.9997174742195225
ParmenterCr_20_053	0.9996457920090678
ParmenterCr_20_054	0.999718785151856
ParmenterCr_20_055	0.9997876256548209
ParmenterCr_20_056	0.9997169544296631
ParmenterCr_20_057	0.9997854384208268
ParmenterCr_20_058	0.9999256284396847
ParmenterCr_20_059	0.9996954933008526
ParmenterCr_20_060	0.9999294980259448
ParmenterCr_20_061	0.9999175597691674
ParmenterCr_20_062	1.0
ParmenterCr_20_063	1.0
ParmenterCr_20_064	0.9998582565556343
ParmenterCr_20_065	1.0
ParmenterCr_20_066	0.9997829232995659
ParmenterCr_20_067	0.999854376001165
ParmenterCr_20_067_R	0.9998433093074272
ParmenterCr_20_068	0.9998546088979354
ParmenterCr_20_069	0.9998557414887478
ParmenterCr_20_070	0.999779086892489
ParmenterCr_20_071	0.9997808299240211
ParmenterCr_20_072	0.9998535871156662
ParmenterCr_20_073	0.9998549042367962
ParmenterCr_20_075	0.9999295774647887
ParmenterCr_20_076	0.99992792273317
ParmenterCr_20_077	1.0
ParmenterCr_20_078	0.9999293984750071
ParmenterCr_20_079	0.9997858060831072
ParmenterCr_20_080	0.9997877158222473
ParmenterCr_20_081	0.9998546722860049
ParmenterCr_20_082	0.999921568627451
ParmenterCr_20_083	0.9997882552230378
ParmenterCr_20_084	0.9997886133032694
ParmenterCr_20_085	0.999928632600628
ParmenterCr_20_086	0.9999275467323576
ParmenterCr_20_087	1.0
ParmenterCr_20_088	0.9999289570900824
ParmenterCr_20_089	0.9999281402701926
ParmenterCr_20_090	0.999851234751562
Pennask_17_36	0.9999296666197778
Pennask_17_37	0.9997891777933943
Pennask_17_38	0.9999296468270719
Pennask_17_39	0.9998582967266544
Pennask_17_40	0.9999295873820588
Pennask_17_41	0.9998592738530819
Pennask_17_42	0.9996481846327048
Pennask_17_43	1.0
Pennask_17_44_1	1.0
Pennask_17_44	0.9997889404812157
Pennask_17_45	0.9998596097150078
Pennask_17_46	0.9999261992619927
Pennask_17_47	0.9998590358049055
Pennask_17_48	1.0
Pennask_17_49	1.0
Pennask_17_50	0.9999296270232231
Pennask_17_51	0.9998540145985402
Pennask_17_52	0.9995784148397976
Pennask_17_53	0.999929348594037
Pennask_17_54	0.9997888216246656
Pennask_17_55	0.9995775837792171
Pennask_17_56	1.0
Pennask_17_57	0.999718785151856
Pennask_17_58	0.9998594123435962
Pennask_17_59	0.9999276306267187
Pennask_17_60	1.0
Pennask_17_61	1.0
Pennask_17_62	0.9998594123435962
Pennask_17_63	0.9998578737919273
Pennask_17_64	0.9998591549295774
Pennask_17_65	0.99978905920405
PIN1496	0.9995669495929326
Piney_16_06	0.0
Poorman_24_01	0.999929696287964
Poorman_24_02	0.9999298344092057
Poorman_24_03	0.9999295675447246
Poorman_24_04	1.0
Poorman_24_05	0.9999297555493116
Poorman_24_06	1.0
Poorman_24_07	0.9999298048575038
Poorman_24_08	1.0
Poorman_24_09	0.9999298737727911
Poorman_24_10	1.0
Poorman_24_11	1.0
Poorman_24_12	0.9999279953917051
Poorman_24_13	0.9999293585758688
Poorman_24_14	0.9999268685095802
Poorman_24_15	1.0
Poorman_24_16	1.0
Poorman_24_17	0.9999297851425362
Poorman_24_18	0.9999285408032014
Poorman_24_19	1.0
Poorman_24_20	0.9998596294216732
Poorman_24_21	1.0
Poorman_24_22	0.9998597672135745
Poorman_24_23	0.9999299032665078
Poorman_24_24	1.0
Poorman_24_25	1.0
Poorman_24_26	0.9999277352218529
Porc_17_01	1.0
Porc_17_02	0.9998561151079137
Porc_17_03	1.0
Porc_17_04	1.0
Porc_17_05	0.9999259259259259
Porc_17_06	1.0
Porc_17_07	1.0
Porc_17_08	0.999923242247467
Porc_17_09	1.0
Porc_17_10	1.0
Porc_17_11	1.0
Porc_17_12	1.0
Porc_17_13	0.9998519615099926
Porc_17_14	1.0
Porc_17_15	1.0
Porc_17_16	1.0
Porc_17_17	1.0
Porc_17_18	1.0
Porc_17_19	1.0
Porc_17_20	1.0
Porc_17_21	1.0
Porc_17_22	1.0
Porc_17_23	1.0
Porc_17_24	1.0
Porc_17_25	1.0
Porc_17_26	1.0
Porc_17_27	1.0
Porc_17_28	1.0
Porc_17_29	1.0
Porc_17_30	1.0
Porcupine_23_121	0.9997891777933943
Porcupine_23_122	0.9997891481585606
Porcupine_23_123	0.999859432105707
Porcupine_23_124	0.9997185873082876
Porcupine_23_125	0.9998564043653073
Porcupine_23_126	0.999929676511955
Porcupine_23_127	0.9998592342342343
Porcupine_23_128	0.9997887026341739
Porcupine_23_129	1.0
Porcupine_23_130	1.0
Porcupine_23_131	1.0
Porcupine_23_132	0.9999295675447246
Porcupine_23_133	0.9997181510710259
Porcupine_23_134	0.9997889998593332
Porcupine_23_135	0.999718785151856
Porcupine_23_136	0.9999294781382229
Porcupine_23_137	0.9998465787051243
Porcupine_23_138	0.9997828604516502
Porcupine_23_139	0.999928754630949
Porcupine_23_140	0.9999276934201012
Porcupine_23_141	1.0
Porcupine_23_142	0.999929228591649
Porcupine_23_143	1.0
Porcupine_23_144	0.9997891481585606
Porcupine_23_145	1.0
Porcupine_23_146	0.9997888513513513
Quartz_10_141	0.9996224705527031
Quartz_10_142	0.9989856429463171
Quartz_10_144	0.9993747068938565
Quartz_10_148	0.999914354230901
Quartz_10_149	0.9994170552964691
Quartz_10_153	1.0
Rabelo_23_28	0.9973777462792346
Rabelo_23_29	0.9959932517924927
Rabelo_23_30	0.9993639575971731
RabeUp_23_01	0.9992084052964882
Ramsey_24_01	1.0
Ramsey_24_02	1.0
Ramsey_24_03	1.0
Ramsey_24_04	1.0
Ramsey_24_05	1.0
Ramsey_24_06	1.0
Ramsey_24_07_1	1.0
Ramsey_24_07	1.0
Ramsey_24_08	1.0
Ramsey_24_09	1.0
Ramsey_24_10	0.9999279019466475
Ramsey_24_11	1.0
Ramsey_24_12	1.0
Ramsey_24_13	1.0
Ramsey_24_14	0.99992968640135
Ramsey_24_15	1.0
Ramsey_24_16	1.0
Ramsey_24_17	1.0
Ramsey_24_18	1.0
Ramsey_24_19	0.9999295576218653
Ramsey_24_20	0.9998595505617978
Ramsey_24_21	1.0
Ramsey_24_22	1.0
Ramsey_24_23	0.9999297555493116
Ramsey_24_24	1.0
Ramsey_24_25	1.0
Ramsey_24_26	1.0
RBT10	0.9991521504547557
RBT37	0.9994337485843715
RBT46	0.9997030438010394
RC_19_017	0.9963251188932123
RC_19_034	0.9974184983035846
RC_19_040	0.9991913310690603
RC_19_051	0.9997168742921857
RC_19_099	0.9994214636968469
RCF_19_05	0.999917884710133
RCF_19_12	0.999548491963157
RCF_19_17	0.9991539763113367
Rock_18_20	0.9974672857745884
S17mile_23_151	0.9998562185478074
S17mile_23_152	1.0
S17mile_23_153	1.0
S17mile_23_154	1.0
S17mile_23_155	1.0
S17mile_23_156	1.0
S17mile_23_157	0.9999296270232231
S17mile_23_158	1.0
S17mile_23_159	1.0
S17mile_23_160	1.0
S17mile_23_161	1.0
S17mile_23_162	1.0
S17mile_23_163_1	0.9999296468270719
S17mile_23_163	1.0
S17mile_23_164_1	1.0
S17mile_23_164	1.0
S17mile_23_165_1	1.0
S17mile_23_165	1.0
S17mile_23_166_1	1.0
S17mile_23_166	1.0
S17mile_23_168	1.0
S17mile_23_169	1.0
S17mile_23_170	0.9999282124910266
S17mile_23_171	1.0
S17mile_23_172	1.0
S17mile_23_173	1.0
S17mile_23_174	1.0
S17mile_23_175	1.0
S17mile_23_176	1.0
S17mile_23_177	1.0
S17mile_23_178	0.9999296171171171
S17mile_23_179	1.0
S17mile_23_180	1.0
SAC1_04__08_1	0.9995791245791246
SAC1_04_08	0.9996493196801796
SAC1_04_10_1	0.9996480360411094
SAC1_04_10	0.999859392575928
SAC1_04_11_1	1.0
SAC1_04_11	1.0
SAC1_04_12_1	0.9997183098591549
SAC1_04_12	0.9997185477061638
SAC1_04_13_1	0.9999233246434596
SAC1_04_13	0.9997821983447074
SAC1_04_14_1	1.0
SAC1_04_14	1.0
SAC1_04_15_1	1.0
SAC1_04_15	1.0
Sand_15_046	0.9999252168710739
Sand_15_047	1.0
Sand_15_048	1.0
Sand_15_050	1.0
Sand_15_051	0.9997884045704613
Sand_15_052	0.999722067815453
Sand_15_054	1.0
Sand_15_056	0.9995087719298246
Sand_15_057	1.0
Sand_15_058	1.0
Sand_15_059	0.9994314143567875
Sand_15_060	0.9997868106878909
Sand_15_062	0.9998541423570595
Sand_15_063	0.9999298836067873
Sand_15_065	0.999859747545582
Sand_15_066	0.9996449367987502
Sand_15_791	0.9996918810660915
Sand_15_795	1.0
Sand_15_797	0.9997189432265318
Sand_15_798	1.0
SB2_23_01_1	1.0
SB2_23_01	1.0
SB2_23_02	1.0
SB2_23_03	1.0
SB2_23_04	1.0
SB2_23_05	1.0
SB2_23_06	1.0
SB2_23_07	1.0
SB2_23_09	1.0
SB2_23_10	1.0
SB2_23_12	1.0
SB2_23_13	1.0
SB3_23_01	1.0
SB3_23_03	1.0
SB3_23_04	1.0
SB3_23_05	1.0
SB3_23_06	1.0
SB3_23_08	1.0
SFHorse_20_36	0.0
SFHorse_20_37	0.0
SFishL_21_01	0.9996460427580348
SFishL_21_02	0.999717554017794
SFishL_21_03	0.9997879858657244
SFishL_21_04	0.9995782370307887
SFishL_21_05	0.9997123543794045
SFishL_21_06	0.9998538011695907
SFishL_21_07	0.9996346097632272
SFishL_21_08	1.0
SFishL_21_09	0.9998525508699498
SFishL_21_10	0.9997799941331769
SFishL_21_11	0.9998547567175018
SFishL_21_12	0.999747219413549
SFishL_21_13	0.999714937286203
SFishL_21_14	0.9998508798091261
SFishL_21_15	0.9997090768037238
SFishL_21_16	0.9995782726045884
SFishL_21_17	0.9996985227615315
SFishL_21_18	1.0
SFishL_21_19	0.9996297393364929
SFishL_21_20	0.9998236642567448
SFishL_21_21	0.9997065297138664
SFishL_21_22	0.9999135396852844
SFishL_21_23	0.9999251609040563
SFishL_21_24	0.9998568155784651
SFishL_21_25	0.9998391765841107
SFishL_21_26	0.9995617879053462
SH_11_1150	0.9998987239214098
Shaoal_01_212	0.00028772838440512156
ShoalW_03_04	0.00036023054755043225
Silverbow_23_061_1	1.0
Silverbow_23_061	1.0
Silverbow_23_062_1	1.0
Silverbow_23_062	1.0
Silverbow_23_063_1	1.0
Silverbow_23_063	1.0
Silverbow_23_064_1	1.0
Silverbow_23_064	1.0
Silverbow_23_065	1.0
Silverbow_23_066	1.0
Silverbow_23_067	0.99992968640135
Silverbow_23_068	0.9999296369265409
Silverbow_23_069	1.0
Silverbow_23_070	1.0
Silverbow_23_071	1.0
Silverbow_23_072	1.0
Silverbow_23_073	1.0
Silverbow_23_074	1.0
Silverbow_23_075	1.0
Silverbow_23_076	1.0
Silverbow_23_078	1.0
Silverbow_23_079	0.9999273150167175
Silverbow_23_080	0.9998519834221433
Silverbow_23_081	1.0
Silverbow_23_082	1.0
Silverbow_23_083	1.0
Silverbow_23_084	0.9998592738530819
Silverbow_23_085	1.0
Silverbow_23_086	1.0
Silverbow_23_087	1.0
Silverbow_23_088	1.0
Silverbow_23_089	1.0
Silverbow_23_090	1.0
sixmile_23_12	0.000286368843069874
sixmile_23_16	0.0002947244326554671
SK48_15_01_1	0.9999297061717981
SK48_15_01	0.9999295873820588
SK48_15_02	0.99992968640135
SK48_15_03	0.9999296567248172
SK49_15_01	0.9997861420017109
SK49_15_02	1.0
SK49_15_03	0.9998593332395554
SK49_15_04	1.0
SK49_15_05	0.9999281609195402
SL1_24_02	0.9996478873239436
SL1_24_05	0.9998595900028082
SL2_24_01	0.9997143673236218
SL2_24_03	1.0
SL3_24_01	0.9997895327627333
SL3_24_02	0.9994380443944928
SL4_24_01	0.9999298147108366
SL5_24_01	0.9997188642114141
SL5_24_04	0.9999296468270719
SL5_24_08	0.9997893258426966
SL5_24_09	0.9998566924620235
SL5_24_14	0.9997894736842106
SL5_24_22	0.9995786516853933
SL5_24_23	0.9999297851425362
SL5_24_25	0.9997177931423734
SL5_24_29	0.9998591549295774
SL5_24_30	0.9999297259311314
SL6_24_01	0.9998590358049055
SL7_24_02	0.9996488764044944
SLFH_24_01	0.9996377861489424
SLFH_24_02	0.9996490242875193
SLFH_24_05	0.9995783555867884
SLFH_24_06	0.9995087719298246
SLFH_24_07	0.9997191800056164
SLFH_24_08	0.9993674444756817
SLFH_24_09	0.9995785924989464
SLFH_24_10	0.9995084269662922
SLFH_24_11	0.9997892370380779
SLFH_24_12	0.9997885537073583
SLFH_24_13	0.9997195344271491
SLFH_24_14	0.9997256264861899
SLFH_24_15	0.9999298147108366
SLFH_24_16	0.9994342291371995
SLFH_24_17	0.999508634002527
SLFH_24_18	1.0
SLFH_24_19	0.9998594123435962
SLFH_24_20	0.9998595900028082
SLFH_24_21	0.9997191405701447
SLFH_24_22	0.9995080123699747
SLFH_24_23	0.9997188246871924
SLFH_24_24	0.9996490242875193
SLFH_24_25	0.99950884086444
SLFH_24_26	0.9995085650098287
SLFH_24_27	0.9995087029758563
SLFH_24_28	0.9998595110986233
SLFH_24_29	0.999578947368421
SLFH_24_30	0.9995087719298246
SLFH_24_31	0.9992897727272727
SLFH_24_32	0.9996487283967964
SLFH_24_33	0.9993550236491329
SLFH_24_34	0.9997106481481481
SLFH_24_35	0.9995788882650196
SLFH_24_36	0.9999295179024528
SLFH_24_37	0.9997190616659644
SLFH_24_38	0.9996488270824554
SLFH_24_39	0.9996485802642676
SLFH_24_40	0.9995776432493313
SLFH_24_41	0.9999296666197778
SLFH_24_42	0.9996483330988888
SLFH_24_43	0.9997193376368229
SLFH_24_44	0.9996465431924219
SLFH_24_45	0.9996485802642676
SLFH_24_46	0.9998594913587185
SLFH_24_47	0.9995085650098287
SLFH_24_48	0.9995080123699747
SLFH_24_49	0.9997188642114141
SLFH_24_50	0.9997186268992684
Slough_17_18	0.0
Slough_17_19	0.0005751258087706686
SML_20_154	0.9998579141801648
SML_20_155	1.0
SML_20_156	0.9999289772727272
SML_20_157	1.0
SML_20_158	0.9999297555493116
SML_20_159	0.9998594716132658
SML_20_160	0.9997893554276085
SML_20_170_1	0.9999246874529296
SML_20_170	1.0
SML_20_181	1.0
SML_20_182	0.9998592936541438
SML_20_183	0.9999297851425362
SML_20_186	0.9999297752808989
SML_20_189	0.9998565691336776
SML_20_190	0.9997885537073583
SML_20_191	0.9997194163860831
SML_20_192	1.0
SML_20_193	0.9999295576218653
SML_20_194	1.0
SML_20_195	0.9997892962494732
SML_20_196	0.9997893850042123
SML_20_198	1.0
SML_20_199	0.9999293585758688
SML_20_200	0.9998596885084888
SML_20_297	0.9998595900028082
SML_20_309	0.9995791836162154
SML_20_366_1	0.9999299032665078
SML_20_366	0.9999298934380259
SML_20_375	0.9999295179024528
SML_20_394	0.9998527679623086
SML_20_395	0.9999276725010849
SML_20_396	1.0
SnowSlo_21_01	0.9999253174010455
SnowSlo_21_02	0.9997189432265318
SnowSlo_21_03	0.9999280161243881
SnowSlo_21_04_1	0.9998595702850723
SnowSlo_21_04	0.9998505231689088
SnowSlo_21_05	0.9996472414279667
SnowSlo_21_06	0.9997191405701447
SnowSlo_21_07	0.9997188642114141
SnowSlo_21_08	0.999718785151856
SnowSlo_21_09	0.9997195344271491
SnowSlo_21_10	0.9996493196801796
SnowSlo_21_11	1.0
SnowSlo_21_12	0.9998596688184115
SnowSlo_21_13	0.9992926863771396
SnowSlo_21_14	0.9999298639360359
SnowSlo_21_15	0.9998538011695907
SnowSlo_21_16	0.9999295873820588
SnowSlo_21_17	0.9997191011235955
SnowSlo_21_18	0.9998595505617978
SnowSlo_21_20	0.9997892666479348
SnowSlo_21_21	0.9999220455254132
SnowSlo_21_22	0.9999293685548807
SnowSlo_21_25	0.9998594716132658
SnowSlo_21_26	0.9999297358066329
SnowSlo_21_27	0.9997185477061638
SnowSlo_21_28	0.9997894736842106
SnowSUp_21_01	1.0
SnowSUp_21_02	1.0
SnowSUp_21_03	0.9999293186316087
SnowSUp_21_04	1.0
SnowSUp_21_05	1.0
SnowSUp_21_06	0.9997888810696692
SnowSUp_21_07	0.9998474214220323
SnowSUp_21_08	0.9999289469944579
SnowSUp_21_11	0.998939179632249
SnowSUp_21_12	0.9999283359610147
SnowSUp_21_13	0.9998431618569636
SnowSUp_21_14	0.998948401570387
SnowSUp_21_15	0.9997885835095137
SnowSUp_21_16	0.999578947368421
SnowSUp_21_17	0.9988056765491078
SnowSUp_21_18	0.9999298737727911
SnowSUp_21_19	0.9992956754472461
SnowSUp_21_20	0.9993688639551193
SnowSUp_21_21	0.9997183495282355
SnowSUp_21_22	1.0
SnowSUp_21_23	1.0
SnowSUp_21_24	0.9998590358049055
SnowSUp_21_25	1.0
SnowSUp_21_26	0.9997180318623996
SnowSUp_21_27	0.9996481351161154
SnowSUp_21_28	0.9994359842075579
SnowSUp_21_29	0.9996480855855856
SR_HL_0507	0.9990145009151062
SR_HL_0525	0.9993553932101418
SR_HL_0526	0.999413059427733
SR_HL_0528	0.9992720920075703
SR_HL_0536	0.9992871400057028
StahlSS21_001	1.0
StahlSS21_002	1.0
StahlSS21_003	1.0
StahlSS21_004	1.0
StahlSS21_005	1.0
StahlSS21_006	1.0
StahlSS21_007	0.9998523767345734
StahlSS21_008	0.9996904982977406
StahlSS21_009	0.999924653405666
StahlSS21_010	1.0
StahlSS21_011	0.9999211356466877
StahlSS21_013	1.0
StahlSS21_014	0.9999048344118767
StahlSS21_016	0.9999233833895188
StahlSS21_017	1.0
StahlSS21_018	0.999842321034374
StahlSS21_021	1.0
StahlSS21_022	1.0
StahlSS21_023	1.0
StahlSS21_024	1.0
StahlSS21_025	1.0
StahlSS21_026	1.0
StahlSS21_027	1.0
StahlSS21_028	1.0
StahlSS21_029	0.999919432806961
StahlSS21_030	1.0
StahlSS21_031	1.0
StahlSS21_032	1.0
StahlSS21_033	1.0
StahlSS21_034	1.0
StahlSS21_035	0.9999183540169824
StahlSS21_036	0.9999217772215269
StahlSS21_037	0.9998300186979432
StahlSS21_038	0.9999195365304152
StahlSS21_040	1.0
StahlSS21_041	1.0
StahlSS21_042	0.9999249136506984
StahlSS21_043	1.0
StahlSS21_044	0.9999210609409536
StahlSS21_045	1.0
StahlSS21_046	1.0
StahlSS21_048	1.0
StahlSS21_050	0.9999251833009127
StahlSS21_052	1.0
StahlSS21_053	0.9999136591262303
StahlSS21_054	0.9998109640831758
StahlSS21_056	1.0
StahlSS21_058	1.0
StahlSS21_061	0.9998450573287884
StahlSS21_062	1.0
StahlSS21_063	1.0
StahlSS21_064	1.0
StahlSS21_065	1.0
StahlSS21_067	0.9999233128834356
StahlSS21_068	0.9999080713366427
StahlSS21_069	0.9999225286643941
StahlSS21_071	1.0
StahlSS21_072	1.0
StahlSS21_073	0.9998458930497766
StahlSS21_074	1.0
StahlSS21_075_1	0.999748911951791
StahlSS21_075	0.9997398543184183
StahlSS21_076	0.9998410680228862
StahlSS21_077	1.0
StahlSS21_079	0.9999228275968514
StahlSS21_081	1.0
StahlSS21_082	0.9998403321092129
StahlSS21_083	1.0
StahlSS21_084	1.0
StahlSS21_085	1.0
StahlSS21_086	0.9999133899185865
StahlSS21_087	1.0
StahlSS21_088_1	1.0
StahlSS21_088	1.0
StahlSS21_089	0.9999231242312423
StahlSS21_090	1.0
StahlSS21_091	0.9999103782039792
StahlSS21_092	1.0
StahlSS21_093	0.9999242424242424
StahlSS21_094	0.9998462248193142
StahlSS21_095	1.0
StahlSS21_096	0.9999219968798752
StahlSS21_097	1.0
StahlSS21_099	0.9998987239214098
StahlSS21_102	1.0
StahlSS21_103	1.0
Star_11_292	1.0
Star_11_293	0.997268588770865
Star_11_295	0.9965738445837585
Star_11_296	0.9999179386180863
Star_11_297	0.9963962582426008
STHD_13_419	0.9990450421773038
STHD_17_9436	0.9995821494233662
STHD_17_9483	0.9995386744579425
STHD_17_9508	0.9996139592340951
Sull_SS17_169	0.9990873350182533
SWH4_23_63	0.9997887918896086
TC_15_05	1.0
TC_15_12	0.9996435700028514
TeigeW30_12_01	0.9999293086384844
TeigeW30_12_02	0.9999294482855934
TeigeW30_12_03	0.9999296468270719
TeigeW30_12_04	0.9999294880834861
TeigeW30_12_05	1.0
TeigeW30_12_06	0.9999293186316087
Ten_Sleep014	0.00047402351156617366
TenSleep_16_43	0.0
TenSleep_16_44	0.0
TenSleep_16_45	0.0
TenSleep_16_46	0.0
Troy_11_05	0.9996290801186943
Troy_11_06	0.9981829194427619
Troy_11_14	0.9993401759530792
Troy_11_17	0.9964126847467355
Troy_11_22	0.9963668071501235
Troy_11_23	0.9949932111337406
Troy_11_29	0.9996804090763822
TS_014	0.0005879758929883875
UA11_23_011	0.99978905920405
UA11_23_038	1.0
UA11_23_039	1.0
UA11_23_040	1.0
UA11_23_041	0.9998592342342343
UA11_23_042	0.9999298639360359
UA11_23_057	0.9997890888638921
UA11_23_058	0.9999259588331112
UA11_23_059	0.9998592738530819
UA11_23_060	1.0
UA11_23_061	0.9997866287339972
UA11_23_062	0.999929676511955
UA11_23_139	1.0
UA9_18_01	0.9999297950014041
UA9_18_02	0.9998565073898694
UA9_18_03	1.0
UA9_18_04	0.9993874425727411
UA9_18_05	0.9998594518622628
UA9_18_06	0.9997891481585606
UA9_18_07	0.9996770547392217
UA9_18_08	0.9998594716132658
UA9_18_09_1	1.0
UA9_18_09	1.0
UA9_18_10	0.9999294383290996
UA9_18_11	0.9998562185478074
UA9_18_12	1.0
UA9_18_13	1.0
UA9_18_14	0.9999257829894612
UM42	0.9997843898231996
UM_NA_18	0.9996486790331647
UM_NA_42	0.9997184288328875
UN76_22_01	0.9999295476962097
UN76_22_02	1.0
UN76_22_03	0.9998596294216732
UNFR35_15_634	0.9998458930497766
UNFR35_15_635	0.9998530492285085
UNFR35_15_639	0.9999246987951808
UNFR38_15_390	1.0
UNFR38_15_391	1.0
UNFR38_15_392	0.9999272303885898
UNFR58_15_593	0.9998573669947226
UNFR58_15_596	0.9998591747641177
UNFR58_15_603	1.0
UNFR58_15_606	0.9997875053123672
UNFR61_15_408	1.0
UNFR61_15_411	0.9997891481585606
UNFR61_15_412	0.9998582967266544
UNFR66_15_631	0.9999294184076792
UpperCedarLk_20_011	0.9997102289191538
UpperCedarLk_20_012	0.999017199017199
UpperCedarLk_20_014	0.9982998225901834
UpperCedarLk_20_015	0.999465811965812
UpperCedarLk_20_016	0.9994929740692453
UpperCedarLk_20_017	0.999337528983107
UpperCedarLk_20_018	0.9984939759036144
UpperCedarLk_20_019	0.9996423973680446
UpperCedarLk_20_021	0.9994339088593264
UpperCedarLk_20_022	0.9995405819295559
UpperCedarLk_20_023	0.9994615384615385
UpperCedarLk_20_024	0.999205431956082
UpperCedarLk_20_025	0.9993240198287517
UpperCedarLk_20_026	0.9997143265247822
UpperCedarLk_20_027	0.9996312140433692
UpperCedarLk_20_028	0.9980717040422796
UpperCedarLk_20_029	0.998928418345478
UpperCedarLk_20_030	0.999411331861663
UpW_17_07	1.0
UpW_17_08	1.0
UpW_17_09	1.0
UpW_17_10	1.0
UpW_17_11	1.0
UpW_17_12	1.0
UpW_17_13	0.9999296666197778
UpW_17_14	1.0
UpW_17_15	1.0
UpWampus_17_01	1.0
UpWampus_17_02_1	1.0
UpWampus_17_02	0.99992673992674
UpWampus_17_03	1.0
UpWampus_17_04	1.0
UpWampus_17_05	1.0
UpWampus_17_06	1.0
UWH01_22_02	1.0
W12_12_01	0.9999263514508764
W_14_008	0.99992927864215
W_14_015	0.9998595702850723
W_14_038	1.0
W_14_111	0.9998529844163482
W_14_113	0.9998596885084888
W_14_302	1.0
W3_21_01	1.0
W42_12_02	0.9998586772187676
W46_12_01	0.9999282021826537
W46_12_02	1.0
W52_12_03	1.0
W52_12_04	0.99992968640135
Washoe13_02	0.9995468962392388
WB_CB_0002	0.9999289570900824
WB_MO_0001	0.9998590953924194
Weasel_04_443	0.0018527876031665825
Weigle_17_075	1.0
Weigle_17_076	1.0
Weigle_17_079	1.0
Weigle_17_083	1.0
Weigle_17_084	1.0
Weigle_17_086	1.0
Weigle_17_087	1.0
Weigle_17_088	1.0
Willow_04_221	0.00173736788765021
WMCC_14_01	0.999929765416491
WMCC_14_02	1.0
WMCC_14_03	1.0
WMCC_14_04	0.9999267291910903
WMCC_14_05	1.0
WMCC_14_06	1.0
WMCC_14_07	0.999859432105707
WMCC_14_08	1.0
WMCC_14_09	1.0
WMCC_14_10	0.9997740283217836
WMCC_14_11	0.9999295972965362
WMCC_14_12	1.0
WMCC_14_13	1.0
WMCC_14_14	1.0
WMCC_14_15	1.0
Wolf_17_241	0.9999268364062043
Wolf_17_242	1.0
Wolf_17_243	1.0
Wolf_17_244	1.0
Wolf_17_245	1.0
Wolf_17_246	1.0
Wolf_17_247	0.9999257609502599
Wolf_17_248	1.0
Wolf_17_249	0.9999270711785297
Wolf_17_250	1.0
Wolf_20_045	1.0
Wolf_24_001	1.0
Wolf_24_002	1.0
Wolf_24_003	1.0
Wolf_24_004	1.0
Wolf_24_005	1.0
Wolf_24_006	1.0
Wolf_24_007	1.0
Wolf_24_008	0.9999236990691286
Wolf_24_009	1.0
Wolf_24_010	0.99992968640135
Wolf_24_011	1.0
Wolf_24_012	1.0
Wolf_24_013	1.0
Wolf_24_014	1.0
Wolf_24_015	1.0
Wolf_24_016	1.0
Wolf_24_017	0.9999295972965362
Wolf_24_018	1.0
Wolf_24_019	1.0
Wolf_24_020	1.0
Wolf_24_021	1.0
Wolf_24_022	1.0
Wolf_24_023	1.0
Wolf_24_024	1.0
Wolf_24_025	1.0
Wolf_24_026	1.0
Wolf_24_027	0.9999298048575038
Wolf_24_028	0.9999290578887627
Wolf_24_029	1.0
Wolf_24_030	1.0
Wolf_24_031	1.0
Wolf_24_032	1.0
Wolf_24_033	1.0
Wolf_24_034	0.9999294880834861
Wolf_24_035	0.9999290880726138
Wolf_24_036	1.0
Wolf_24_037	1.0
Wolf_24_038	1.0
Wolf_24_039	1.0
Wolf_24_040	1.0
Wolf_24_041	1.0
Wolf_24_042	1.0
Wolf_24_043	1.0
Wolf_24_044	1.0
Wolf_24_045	1.0
Wolf_24_046	1.0
Wolf_24_047	1.0
Wolf_24_048	1.0
Wolf_24_050	1.0
Wolf_24_051	1.0
Wolf_24_052	1.0
Wolf_24_055	1.0
Wolf_24_056	1.0
Wolf_24_057	1.0
Wolf_24_058	1.0
Wolf_24_059	1.0
Wolf_24_060	0.9998592342342343
Wolf_24_061	1.0
Wolf_24_062	1.0
Wolf_24_063	1.0
Wolf_24_065	1.0
Wolf_24_066	1.0
Wolf_24_067	1.0
Wolf_24_068	1.0
Wolf_24_069	1.0
Wolf_24_070	1.0
Wolf_24_071	0.999928997443908
Wolf_24_072	1.0
Wolf_24_073	1.0
Wolf_24_074	1.0
Wolf_24_075	1.0
Wolf_24_076	0.9999207606973058
Wolf_24_077	1.0
Wolf_24_078	1.0
Wolf_24_079	1.0
Wolf_24_080	1.0
Wolf_24_081	1.0
Wolf_24_082	1.0
Wolf_24_083	1.0
Wolf_24_084	1.0
Wolf_24_085	1.0
Wolf_24_086	1.0
Wolf_24_087	1.0
Wolf_24_088	1.0
Wolf_24_089	1.0
Wolf_24_090	1.0
Wolf_24_091	1.0
Wolf_24_092	1.0
Wolf_24_093	1.0
Wolf_24_094	1.0
Wolf_24_095	1.0
Wolf_24_096	1.0
Wolf_24_097	1.0
Wolf_24_098	1.0
Wolf_24_099	1.0
Wolf_24_100	1.0
Wolf_24_101	1.0
Wolf_24_102	1.0
Wolf_24_103	1.0
Wolf_24_104	1.0
Wolf_24_105	1.0
Wolf_24_106	1.0
Wolf_24_107	1.0
Wolf_24_108	1.0
Wolf_24_109	1.0
Wolf_24_110	1.0
Wolf_24_111	1.0
Wolf_24_112	1.0
Wolf_24_113	1.0
Wolf_24_114	1.0
Wolf_24_115	0.9999283462310118
Wolf_24_116	1.0
Wolf_24_117	1.0
Wolf_24_118	1.0
Wolf_24_119	1.0
Wolf_24_120	1.0
Wolf_24_121	1.0
Wolf_24_122	1.0
Wolf_24_123	1.0
Wolf_24_124	1.0
Wolf_24_125	1.0
Wolf_24_126	1.0
Wolf_24_127	1.0
Wolf_24_128	1.0
Wolf_24_129	1.0
Wolf_24_130	1.0
Wolf_24_131	1.0
Wolf_24_132	1.0
Wolf_24_133	1.0
Wolf_24_134	1.0
Wolf_24_135	1.0
WolfCreek_20_001	1.0
WolfCreek_20_002	1.0
WolfCreek_20_003	1.0
WolfCreek_20_004	1.0
WolfCreek_20_005	1.0
WolfCreek_20_006	1.0
WolfCreek_20_007	1.0
WolfCreek_20_008	1.0
WolfCreek_20_009	0.9999290075252023
WolfCreek_20_010	1.0
WolfCreek_20_011	1.0
WolfCreek_20_012	1.0
WolfCreek_20_013	1.0
WolfCreek_20_014	1.0
WolfCreek_20_015	1.0
WolfCreek_20_016	1.0
WolfCreek_20_017	1.0
WolfCreek_20_018	1.0
WolfCreek_20_019	1.0
WolfCreek_20_020	1.0
WolfCreek_20_021	1.0
WolfCreek_20_022	1.0
WolfCreek_20_023	1.0
WolfCreek_20_025	1.0
WolfCreek_20_026	1.0
WolfCreek_20_027	1.0
WolfCreek_20_028	1.0
WolfCreek_20_029	1.0
WolfCreek_20_030	1.0
WolfCreek_20_031	1.0
WolfCreek_20_032	0.999929765416491
WolfCreek_20_033	1.0
WolfCreek_20_034	1.0
WolfCreek_20_035	1.0
WolfCreek_20_036	1.0
WolfCreek_20_037	1.0
WolfCreek_20_038	1.0
WolfCreek_20_039	1.0
WolfCreek_20_040	1.0
WolfCreek_20_041	1.0
WolfCreek_20_042	0.999929348594037
WolfCreek_20_043	1.0
WolfCreek_20_044	1.0
WolfCreek_20_045	1.0
WolfCreek_20_046	1.0
WolfCreek_20_047	1.0
WolfCreek_20_048	1.0
WolfCreek_20_049	0.9999297851425362
WolfCreek_20_050	1.0
WolfCreek_20_051	1.0
WolfCreek_20_052	1.0
WolfCreek_20_053	1.0
WolfCreek_20_055	1.0
WolfCreek_20_056	1.0
WolfCreek_20_057	1.0
WolfCreek_20_058	1.0
WolfCreek_20_059	1.0
WolfCreek_20_060	1.0
WolfCreek_20_061	1.0
WolfCreek_20_062	1.0
WolfCreek_20_063	1.0
WolfCreek_20_064	1.0
WolfCreek_20_065	1.0
WolfCreek_20_066	1.0
WolfCreek_20_067	1.0
WolfCreek_20_068	1.0
WolfCreek_20_069	1.0
WolfCreek_20_070	1.0
WolfCreek_20_071	1.0
WolfCreek_20_072	1.0
WolfCreek_20_073	1.0
WolfCreek_20_074	1.0
WolfCreek_20_075	1.0
WolfCreek_20_076	1.0
WolfCreek_20_077	1.0
WolfCreek_20_078	1.0
WolfCreek_20_080	1.0
WolfCreek_20_081	1.0
WolfCreek_20_082	1.0
WolfCreek_20_083	1.0
WolfCreek_20_084	1.0
WolfCreek_20_085	1.0
WolfCreek_20_086	1.0
WolfCreek_20_087	1.0
WolfCreek_20_088	1.0
WolfCreek_20_089	1.0
WolfCreek_20_090	1.0
WolfCreek_20_091	1.0
WolfCreek_20_092	1.0
WolfCreek_20_093	1.0
WolfCreek_20_094	1.0
WolfCreek_20_095	1.0
WolfCreek_20_096	1.0
WolfCreek_20_097	1.0
WolfCreek_20_098	1.0
WolfCreek_20_099	0.99992968640135
WolfCreek_20_100	1.0
YaakRBF_11_265	0.999854163628409
YaakRBF_11_282	0.9995947479332145
YaakRBF_11_283	0.9998537797923673
YaakRBF_11_284	0.9999271349460799
YaakRBF_11_286	1.0
YaakRBF_11_287	0.9998404085541015
YaakRBF_11_288	1.0
YaakRBF_11_289	0.9995513683266039
YaakRBF_11_290	0.9998513895080993
Yahk02	0.9998511683286203
Yahk_09_02	0.999929765416491
Yahk0902	0.9998591945930724
YSRCorwin_21_57	0.0005063657407407407
YSRCorwin_21_58	0.0
