CHR	POS	ID	CLASS	f_RBT	f_WCT	f_YCT
Omy05	30538850	Omy05:30538850	ALT	1	1	0
Omy05	31835523	Omy05:31835523	ALT	1	1	0
Omy05	31948657	Omy05:31948657	ALT	1	1	0
Omy05	32863466	Omy05:32863466	ALT	1	1	0
Omy05	33441393	Omy05:33441393	ALT	1	1	0
Omy05	33441528	Omy05:33441528	ALT	1	1	0
Omy05	33441549	Omy05:33441549	ALT	1	1	0
Omy05	33449018	Omy05:33449018	ALT	1	1	0
Omy05	33449026	Omy05:33449026	ALT	1	1	0
Omy05	35045260	Omy05:35045260	ALT	1	1	0
Omy05	35045337	Omy05:35045337	ALT	1	1	0
Omy05	35045338	Omy05:35045338	ALT	1	1	0
Omy05	35724188	Omy05:35724188	ALT	1	1	0
Omy05	35724375	Omy05:35724375	ALT	1	1	0
Omy05	35797212	Omy05:35797212	ALT	1	1	0
Omy05	35891671	Omy05:35891671	ALT	1	1	0
Omy05	36965765	Omy05:36965765	ALT	1	1	0
Omy05	37718822	Omy05:37718822	ALT	1	1	0
Omy05	39349796	Omy05:39349796	ALT	1	1	0
Omy05	39355938	Omy05:39355938	ALT	1	1	0
Omy05	39952954	Omy05:39952954	ALT	1	1	0
Omy05	40526023	Omy05:40526023	ALT	1	1	0
Omy05	40631256	Omy05:40631256	ALT	1	1	0
Omy05	40631264	Omy05:40631264	ALT	1	1	0
Omy05	40631265	Omy05:40631265	ALT	1	1	0
Omy05	40706009	Omy05:40706009	ALT	1	1	0
Omy05	40833668	Omy05:40833668	ALT	1	1	0
Omy05	40833782	Omy05:40833782	ALT	1	1	0
Omy05	40910397	Omy05:40910397	ALT	1	1	0
Omy05	41273855	Omy05:41273855	ALT	1	1	0
Omy05	41499734	Omy05:41499734	ALT	1	1	0
Omy05	41986563	Omy05:41986563	ALT	1	1	0
Omy05	41986624	Omy05:41986624	ALT	1	1	0
Omy05	41986636	Omy05:41986636	ALT	1	1	0
Omy05	42128424	Omy05:42128424	ALT	1	1	0
Omy05	42197060	Omy05:42197060	ALT	1	1	0
Omy05	42202719	Omy05:42202719	ALT	1	1	0
Omy05	42202735	Omy05:42202735	ALT	1	1	0
Omy05	42386091	Omy05:42386091	ALT	1	1	0
Omy05	43055651	Omy05:43055651	ALT	1	1	0
Omy05	43055655	Omy05:43055655	ALT	1	1	0
Omy05	43055719	Omy05:43055719	ALT	1	1	0
Omy05	43055720	Omy05:43055720	ALT	1	1	0
Omy05	43536306	Omy05:43536306	ALT	1	1	0
Omy05	43536424	Omy05:43536424	ALT	1	1	0
Omy05	43536590	Omy05:43536590	ALT	1	1	0
Omy05	44463935	Omy05:44463935	ALT	1	1	0
Omy05	44464035	Omy05:44464035	ALT	1	1	0
Omy05	46623659	Omy05:46623659	ALT	1	1	0
Omy05	46624050	Omy05:46624050	ALT	1	1	0
Omy05	46624129	Omy05:46624129	ALT	1	1	0
Omy05	47048567	Omy05:47048567	ALT	1	1	0
Omy05	47399566	Omy05:47399566	ALT	1	1	0
Omy05	49235498	Omy05:49235498	ALT	1	1	0
Omy05	52508707	Omy05:52508707	ALT	1	1	0
Omy05	52706861	Omy05:52706861	ALT	1	1	0
Omy05	53811046	Omy05:53811046	ALT	1	1	0
Omy05	53811047	Omy05:53811047	ALT	1	1	0
Omy05	53811048	Omy05:53811048	ALT	1	1	0
Omy05	53811049	Omy05:53811049	ALT	1	1	0
Omy05	53811260	Omy05:53811260	ALT	1	1	0
Omy05	54644105	Omy05:54644105	ALT	1	1	0
Omy05	54644227	Omy05:54644227	ALT	1	1	0
Omy05	54792310	Omy05:54792310	ALT	1	1	0
Omy05	55144460	Omy05:55144460	ALT	1	1	0
Omy05	56096761	Omy05:56096761	ALT	1	1	0
Omy05	56303703	Omy05:56303703	ALT	1	1	0
Omy05	56359552	Omy05:56359552	ALT	1	1	0
Omy05	56728025	Omy05:56728025	ALT	1	1	0
Omy05	57085635	Omy05:57085635	ALT	1	1	0
Omy05	57399936	Omy05:57399936	ALT	1	1	0
Omy05	58165590	Omy05:58165590	ALT	1	1	0
Omy05	58206045	Omy05:58206045	ALT	1	1	0
Omy05	58228256	Omy05:58228256	ALT	1	1	0
Omy05	58392392	Omy05:58392392	ALT	1	1	0
Omy05	58392442	Omy05:58392442	ALT	1	1	0
Omy05	58392458	Omy05:58392458	ALT	1	1	0
Omy05	59001533	Omy05:59001533	ALT	1	1	0
Omy05	59261654	Omy05:59261654	ALT	1	1	0
Omy05	59649273	Omy05:59649273	ALT	1	1	0
Omy05	60072329	Omy05:60072329	ALT	1	1	0
Omy05	60880490	Omy05:60880490	ALT	1	1	0
Omy05	61148865	Omy05:61148865	ALT	1	1	0
Omy05	61428999	Omy05:61428999	ALT	1	1	0
Omy05	61436915	Omy05:61436915	ALT	1	1	0
Omy05	61592219	Omy05:61592219	ALT	1	1	0
Omy05	61727063	Omy05:61727063	ALT	1	1	0
Omy05	61989375	Omy05:61989375	ALT	1	1	0
Omy05	61989467	Omy05:61989467	ALT	1	1	0
Omy05	62681737	Omy05:62681737	ALT	1	1	0
Omy05	63448485	Omy05:63448485	ALT	1	1	0
Omy05	63448536	Omy05:63448536	ALT	1	1	0
Omy05	64567958	Omy05:64567958	ALT	1	1	0
Omy05	64586046	Omy05:64586046	ALT	1	1	0
Omy05	65032034	Omy05:65032034	ALT	1	1	0
Omy05	65053662	Omy05:65053662	ALT	1	1	0
Omy05	65654772	Omy05:65654772	ALT	1	1	0
Omy05	66048454	Omy05:66048454	ALT	1	1	0
Omy05	66239861	Omy05:66239861	ALT	1	1	0
Omy05	66430405	Omy05:66430405	ALT	1	1	0
Omy05	66430478	Omy05:66430478	ALT	1	1	0
Omy05	66802398	Omy05:66802398	ALT	1	1	0
Omy05	66802675	Omy05:66802675	ALT	1	1	0
Omy05	67897842	Omy05:67897842	ALT	1	1	0
Omy05	68011422	Omy05:68011422	ALT	1	1	0
Omy05	68011510	Omy05:68011510	ALT	1	1	0
Omy05	68011551	Omy05:68011551	ALT	1	1	0
Omy05	68493768	Omy05:68493768	ALT	1	1	0
Omy05	68493785	Omy05:68493785	ALT	1	1	0
Omy05	68622142	Omy05:68622142	ALT	1	1	0
Omy05	68710181	Omy05:68710181	ALT	1	1	0
Omy05	69021718	Omy05:69021718	ALT	1	1	0
Omy05	69086779	Omy05:69086779	ALT	1	1	0
Omy05	69883286	Omy05:69883286	ALT	1	1	0
Omy05	69883350	Omy05:69883350	ALT	1	1	0
Omy05	70175054	Omy05:70175054	ALT	1	1	0
Omy05	70175174	Omy05:70175174	ALT	1	1	0
Omy05	70175268	Omy05:70175268	ALT	1	1	0
Omy05	70688293	Omy05:70688293	ALT	1	1	0
Omy05	71386792	Omy05:71386792	ALT	1	1	0
Omy05	71386994	Omy05:71386994	ALT	1	1	0
Omy05	71429018	Omy05:71429018	ALT	1	1	0
Omy05	71429190	Omy05:71429190	ALT	1	1	0
Omy05	71429198	Omy05:71429198	ALT	1	1	0
Omy05	71472404	Omy05:71472404	ALT	1	1	0
Omy05	72596987	Omy05:72596987	ALT	1	1	0
Omy05	73042596	Omy05:73042596	ALT	1	1	0
Omy05	73511680	Omy05:73511680	ALT	1	1	0
Omy05	74156621	Omy05:74156621	ALT	1	1	0
Omy05	75350425	Omy05:75350425	ALT	1	1	0
Omy05	75655602	Omy05:75655602	ALT	1	1	0
Omy05	75986794	Omy05:75986794	ALT	1	1	0
Omy05	76009998	Omy05:76009998	ALT	1	1	0
Omy05	76010119	Omy05:76010119	ALT	1	1	0
Omy05	76635412	Omy05:76635412	ALT	1	1	0
Omy05	76635481	Omy05:76635481	ALT	1	1	0
Omy05	76751488	Omy05:76751488	ALT	1	1	0
Omy05	77048442	Omy05:77048442	ALT	1	1	0
Omy05	77090211	Omy05:77090211	ALT	1	1	0
Omy05	77090249	Omy05:77090249	ALT	1	1	0
Omy05	77538825	Omy05:77538825	ALT	1	1	0
Omy05	87093319	Omy05:87093319	ALT	1	1	0
